PostflopID,Decision,Street,Hand,Outs,PotInvestment,AmountToCall,NumCalls,Bankroll,HandID
1,3.0,1,1.006715952,0,3.0,0.0,2,77.5,6
2,6.5,2,1.006611828,0,6.0,0.0,2,74.5,6
3,0.0,3,1.005537127,4,12.5,0.0,2,68.0,6
4,0.0,1,0.083646323,9,3.5,0.0,2,64.5,10
5,16.0,1,0.083646323,9,3.5,7.0,2,64.5,10
6,0.0,2,0.0835422,9,19.5,0.0,2,48.5,10
7,48.5,2,0.0835422,9,19.5,19.0,2,48.5,10
8,2.0,1,0.15398345900000002,0,3.0,0.0,2,118.0,12
9,0.0,1,0.240576843,0,3.0,5.0,3,120.0,19
10,0.0,1,0.006470518000000001,4,3.5,7.0,2,105.0,35
11,3.0,1,1.0055966264056644,0,3.0,0.0,2,77.0,36
12,2.0,1,0.028221128101386325,0,1.0,0.0,2,82.0,41
13,2.0,1,1.000780924614744,0,1.0,0.0,4,82.0,55
14,3.0,2,1.9857351103706788,0,3.0,0.0,2,80.0,55
15,5.0,1,1.4348188254893794,0,3.0,0.0,3,84.5,64
16,3.0,1,1.0113754685547691,0,2.0,0.0,2,90.5,70
17,0.0,2,0.8681538942107455,4,5.0,0.0,2,87.5,70
18,8.0,2,0.8681538942107455,4,5.0,4.0,2,87.5,70
19,25.5,3,3.961963393229012,0,13.0,0.0,2,79.5,70
20,0.0,1,0.0012308859403819838,9,1.0,0.0,3,104.0,77
21,3.0,2,4.923502855952877,8,1.0,0.0,3,104.0,77
22,8.5,3,4.921621199500208,8,4.0,0.0,2,101.0,77
23,2.0,1,0.8703404831320283,0,1.0,0.0,2,116.5,78
24,0.0,2,0.869923990004165,0,3.0,0.0,2,114.5,78
25,4.5,3,1.9240885494139344,0,3.0,4.5,2,114.5,78
26,4.0,1,0.1098017195216279,0,2.0,2.0,2,123.0,84
27,6.5,2,0.008616201582673884,0,6.0,0.0,2,119.0,84
28,0.0,1,0.2213437853275421,0,2.5,0.0,2,129.5,88
29,0.0,1,0.2213437853275421,0,2.5,3.5,2,129.5,88
30,125.5,1,1.0412067888379841,0,2.0,10.0,2,125.5,96
31,3.0,1,0.15546163800797286,9,3.0,0.0,2,137.0,97
32,6.0,2,5.0783788004997925,0,6.0,0.0,2,134.0,97
33,2.0,1,2.002551020408163,0,1.0,0.0,2,145.0,99
34,3.0,1,2.002551020408163,0,3.0,3.0,2,143.0,99
35,0.0,2,2.000728862973761,9,6.0,0.0,2,140.0,99
36,0.0,2,2.000728862973761,9,6.0,8.0,2,140.0,99
37,3.0,1,1.0032798833819243,0,3.0,0.0,2,137.0,100
38,2.0,1,0.3728952222288332,0,2.0,0.0,2,78.0,106
39,6.5,1,5.22683442910692,0,3.0,6.5,3,79.0,118
40,14.499999999999998,2,5.143327556970308,0,9.5,14.5,2,72.5,118
41,58.00000000000001,3,4.351782367465937,0,24.0,33.5,2,58.0,118
42,2.0,1,0.07772988933182602,0,1.0,0.0,2,161.0,120
43,1.0,1,0.2413912357946094,0,3.0,0.0,3,160.0,122
44,0.0,1,0.2413912357946094,0,4.0,1.0,2,159.0,122
45,3.0,1,1.2226676384839652,0,5.0,0.0,2,73.0,126
46,3.0,1,1.2226676384839652,0,8.0,3.0,2,70.0,126
47,0.0,2,1.2051749271137029,0,11.0,0.0,2,67.0,126
48,14.499999999999998,2,1.2051749271137029,0,11.0,14.5,2,67.0,126
49,12.0,3,1.205148896293211,0,25.5,0.0,2,52.5,126
50,3.0,1,1.0059870887130362,0,1.0,1.0,2,41.0,130
51,4.0,2,1.0004164931278634,0,4.0,0.0,2,38.0,130
52,8.5,3,1.0004109150949008,0,8.0,0.0,2,34.0,130
53,2.0,1,0.004138900458142441,9,1.0,0.0,2,24.5,131
54,2.0,1,0.004138900458142441,9,3.0,2.0,2,22.5,131
55,0.0,2,0.003774468971261974,9,5.0,0.0,2,20.5,131
56,0.0,2,0.003774468971261974,9,5.0,5.0,2,20.5,131
57,6.0,1,0.003517879454988993,0,5.0,0.0,3,16.5,133
58,2.0,1,0.4615004164931278,0,1.0,0.0,2,99.0,137
59,3.0,2,0.4556174510620575,9,3.0,0.0,2,97.0,137
60,5.0,3,0.4450433599095615,9,6.0,0.0,2,94.0,137
61,2.0,1,0.3850218658892128,0,1.0,0.0,2,103.5,143
62,3.0,1,1.1498594335693462,0,3.0,0.0,2,102.5,148
63,2.0,1,2.0,0,2.5,0.0,2,106.5,149
64,6.5,1,2.0,0,4.5,6.5,2,104.5,149
65,0.0,2,4.998177842565598,0,11.0,0.0,2,98.0,149
66,11.0,3,4.9981257809246165,0,11.0,0.0,2,98.0,149
67,0.0,1,0.5477944457666448,0,2.5,2.0,3,128.0,150
68,11.0,1,1.027332361516035,0,14.0,0.0,3,114.0,154
69,36.5,2,1.026603498542274,0,25.0,0.0,3,103.0,154
70,0.0,2,1.026603498542274,0,61.5,72.5,3,66.5,154
71,4.5,1,0.0775086273576486,9,3.0,0.0,3,64.5,156
72,2.0,1,1.0514108704706373,0,1.0,0.0,2,71.5,163
73,3.0,1,0.14999702504908669,0,3.0,0.0,2,71.5,165
74,0.0,1,0.14999702504908669,0,6.0,10.0,2,68.5,165
75,2.0,1,0.9355737192836321,0,1.0,0.0,2,67.5,166
76,0.0,1,2.0,0,2.5,0.0,2,69.0,169
77,5.0,1,2.0,0,2.5,1.5,2,69.0,169
78,7.5,2,1.7532798833819243,0,7.5,0.0,2,64.0,169
79,15.0,3,1.7458350687213662,0,15.0,0.0,2,56.5,169
80,41.5,3,1.7458350687213662,0,30.0,44.5,2,41.5,169
81,2.0,1,0.04380987088713036,0,3.5,0.0,2,77.0,171
82,4.0,2,0.03256455643481883,0,5.5,0.0,2,75.0,171
83,10.0,3,0.02160558100791337,9,9.5,0.0,2,71.0,171
84,3.0,1,0.3026417564110192,0,3.0,0.0,4,87.5,172
85,0.0,2,0.08794326768608318,0,6.0,0.0,3,84.5,172
86,5.0,3,0.08793954899744154,0,6.0,0.0,3,84.5,172
87,0.0,1,0.02702185101445826,0,1.0,0.0,3,102.5,186
88,0.0,1,0.02702185101445826,0,1.0,3.5,3,102.5,186
89,2.0,1,1.0106726364014993,0,1.0,0.0,3,101.5,187
90,0.0,2,1.010646605581008,0,3.0,0.0,2,99.5,187
91,3.0,3,1.010592684595704,0,3.0,0.0,2,99.5,187
92,2.0,1,0.29134252097340396,0,1.0,0.0,2,79.0,201
93,3.0,2,1.0,0,3.0,0.0,2,77.0,201
94,6.0,3,1.9746924644493369,0,6.0,0.0,2,74.0,201
95,3.0,1,1.0055445647646817,0,3.0,0.0,3,83.5,205
96,0.0,2,1.0003904623073718,0,6.0,0.0,2,80.5,205
97,16.0,3,1.0000204527875292,0,6.0,0.0,2,80.5,205
98,2.0,1,2.0517492711370258,0,1.0,0.0,2,92.5,213
99,3.0,2,2.027332361516035,0,3.0,0.0,2,90.5,213
100,0.0,1,0.10584317546260487,0,3.0,0.0,2,88.5,220
101,2.0,2,0.9410922532278218,0,3.0,0.0,2,88.5,220
102,0.0,3,0.9409862706015352,0,5.0,0.0,2,86.5,220
103,0.0,1,0.9941690962099126,0,3.0,0.0,4,94.5,230
104,0.0,2,0.993804664723032,0,3.0,6.0,4,94.5,230
105,0.0,1,0.9509319033735943,0,3.0,4.0,3,91.5,232
106,2.0,1,0.1776603498542274,0,3.0,0.0,2,88.5,233
107,0.0,1,0.1776603498542274,0,5.0,2.0,2,86.5,233
108,0.0,1,1.0158007080383171,0,1.0,0.0,3,85.5,236
109,0.0,2,1.015722615576843,0,1.0,0.0,3,85.5,236
110,3.0,3,1.015720756232522,9,1.0,0.0,3,85.5,236
111,2.0,1,1.001457725947522,0,1.0,0.0,2,87.5,237
112,3.0,2,1.0,0,3.0,0.0,2,85.5,237
113,0.0,3,0.9998438150770512,0,6.0,0.0,2,82.5,237
114,2.0,1,0.1087102844053073,0,3.0,0.0,2,85.5,239
115,0.0,1,0.1087102844053073,0,5.0,2.0,2,83.5,239
116,2.0,1,0.8674510620574759,0,1.0,0.0,3,78.0,241
117,0.0,1,0.10907285654786696,0,1.0,2.0,2,83.0,252
118,2.0,1,0.3645895311477361,0,5.0,0.0,2,78.5,256
119,0.0,1,0.5267113405128815,0,3.0,0.0,3,86.0,258
120,0.0,2,0.04347147022074136,0,3.0,0.0,3,86.0,258
121,2.0,3,0.003644314868804665,0,3.0,0.0,3,86.0,258
122,7.000000000000001,1,0.8189556434818825,0,7.0,0.0,2,83.0,271
123,2.0,1,0.2413596269411555,0,1.0,0.0,2,77.0,276
124,3.0,1,0.0836704944368418,4,3.0,0.0,2,76.5,281
125,0.0,1,0.0836704944368418,4,6.0,8.0,2,73.5,281
126,5.0,1,1.0022386505622658,0,5.0,0.0,2,74.5,289
127,2.0,1,0.10248519961920627,0,2.0,0.0,2,81.0,298
128,3.0,2,0.08312198786220028,0,4.0,0.0,2,79.0,298
129,0.0,2,0.08312198786220028,0,7.0,8.0,2,76.0,298
130,2.0,1,0.5989431486880467,0,1.0,0.0,4,75.0,299
131,0.0,2,0.5988650562265723,0,3.0,0.0,3,73.0,299
132,3.0,3,0.5933409442494199,0,3.0,0.0,3,73.0,299
133,0.0,3,0.5933409442494199,0,6.0,10.5,2,70.0,299
134,0.0,1,0.03722407330279049,0,3.0,0.0,2,67.0,302
135,0.0,2,0.007392753019575177,0,3.0,6.0,2,67.0,302
136,5.0,1,0.0012569167608734455,0,1.0,2.0,2,64.0,309
137,3.0,1,0.0012569167608734455,0,6.0,3.0,2,59.0,309
138,9.5,2,3.6001145356101625,0,9.0,0.0,2,56.0,309
139,36.5,3,3.6653143035639912,0,18.5,0.0,2,46.5,309
140,0.0,1,0.17690917474861664,0,6.0,0.0,2,77.0,312
141,0.0,1,0.17690917474861664,0,6.0,5.0,2,77.0,312
142,3.0,1,0.8627915451895044,4,3.0,0.0,2,74.0,313
143,0.0,1,0.04271657642648896,0,5.0,0.0,2,75.0,317
144,4.0,2,0.04263848396501458,0,5.0,0.0,2,75.0,317
145,1.0,1,0.17971864401737372,0,3.0,1.0,2,81.0,323
146,3.0,2,0.0470637234485631,0,4.0,1.0,2,80.0,323
147,0.0,2,0.0470637234485631,0,7.0,2.0,2,77.0,323
148,3.0,1,0.0005020229666210508,8,2.5,0.0,2,74.5,326
149,4.0,2,3.5993596418159104,0,5.5,0.0,2,71.5,326
150,19.0,3,3.5785256887011365,0,9.5,0.0,2,67.5,326
151,7.000000000000001,1,1.0107767596834651,0,6.0,0.0,2,98.0,327
152,0.0,1,0.8683361099541858,4,1.0,2.5,3,109.5,328
153,0.0,1,0.09457183018980186,0,3.0,0.0,3,76.0,330
154,0.0,1,0.09457183018980186,0,3.0,5.0,3,76.0,330
155,2.0,1,1.0164775093710954,0,1.0,0.0,3,75.0,331
156,0.0,1,0.00013573213541976558,0,3.0,0.0,2,75.5,336
157,0.0,1,0.00013573213541976558,0,3.0,5.0,2,75.5,336
158,4.0,1,0.014264889629321115,0,4.0,0.0,2,72.0,341
159,6.0,2,0.012182423990004163,0,8.0,0.0,2,68.0,341
160,2.0,1,0.5989691795085381,0,3.0,0.0,2,80.5,347
161,0.0,1,0.5989691795085381,0,5.0,8.0,2,78.5,347
162,3.0,1,0.5384214910453977,0,4.0,0.0,2,77.5,352
163,0.0,2,0.4506195335276968,0,7.0,0.0,2,74.5,352
164,7.000000000000001,3,0.4505897840185637,0,7.0,0.0,2,74.5,352
165,2.0,1,1.0001561849229488,0,1.0,0.0,3,87.0,354
166,3.0,2,1.000052061640983,0,3.0,0.0,2,85.0,354
167,0.0,2,1.000052061640983,0,6.0,6.0,2,82.0,354
168,7.000000000000001,1,1.0008590170762182,0,9.0,0.0,2,73.0,357
169,0.0,1,0.022698875468554768,0,2.5,0.0,2,90.5,365
170,2.0,2,0.0016139108704706373,0,2.5,0.0,2,90.5,365
171,4.0,3,0.0011453561016243233,0,4.5,0.0,2,88.5,365
172,3.0,1,0.1094354286904266,0,2.5,0.0,2,83.5,368
173,0.0,1,0.09816780210626523,0,1.0,2.0,3,87.0,370
174,3.0,1,0.258071413696674,0,3.0,0.0,3,84.0,371
175,2.0,1,0.7311797167846731,0,3.0,0.0,2,91.0,373
176,0.0,2,0.7202207413577676,0,5.0,0.0,2,89.0,373
177,1.0,3,3.939989662045576,0,5.0,1.0,2,89.0,373
178,0.0,1,0.4053296245611948,0,3.0,0.0,3,76.0,375
179,0.0,2,0.054742815493544365,9,3.0,5.0,3,76.0,375
180,0.0,1,0.023535580412923186,0,4.0,12.5,3,71.0,379
181,0.0,1,0.5216055810079133,0,1.0,0.0,3,70.0,381
182,3.0,1,0.5216055810079133,0,1.0,1.0,2,70.0,381
183,4.5,1,1.0423000832986256,0,3.0,0.0,3,70.5,386
184,11.0,2,1.9999739691795089,0,7.5,0.0,3,66.0,386
185,2.0,1,0.8804925031236984,0,3.0,0.0,5,84.0,390
186,0.0,2,0.8787744689712621,0,5.0,0.0,4,82.0,390
187,0.0,3,1.1249739691795086,0,5.0,0.0,4,82.0,390
188,3.0,1,0.09239081930148152,0,3.0,0.0,2,101.0,392
189,0.0,2,0.08713817159516868,0,6.0,0.0,2,98.0,392
190,0.0,2,0.08713817159516868,0,6.0,4.0,2,98.0,392
191,4.5,1,0.5891815910037485,0,4.0,0.0,2,94.0,398
192,14.000000000000002,1,2.0415451895043732,0,5.0,7.0,2,98.5,401
193,0.0,1,0.016618819539477598,0,1.0,0.0,3,184.0,404
194,2.0,2,0.0013275718450645564,0,1.0,0.0,3,184.0,404
195,0.0,1,0.0019021092401975367,0,1.0,3.0,2,186.0,407
196,2.0,1,0.012470622359731063,0,0.0,0.0,3,80.0,408
197,0.0,2,0.9336734693877552,0,2.0,0.0,2,78.0,408
198,4.5,2,0.9336734693877552,0,2.0,4.5,2,78.0,408
199,0.0,3,1.127837359433569,0,6.5,0.0,2,73.5,408
200,4.0,1,0.0017310495626822158,4,3.5,0.0,2,75.5,411
201,0.0,1,0.0017310495626822158,4,7.5,4.0,2,71.5,411
202,9.0,1,2.6683673469387754,0,3.0,0.0,3,67.0,417
203,0.0,1,0.019575177009579343,0,3.0,0.0,4,71.5,430
204,0.0,2,0.01884631403581841,0,3.0,6.0,4,71.5,430
205,3.0,1,0.013329639435949309,0,1.0,0.0,3,70.5,432
206,5.0,2,3.945673677634319,9,4.0,0.0,2,67.5,432
207,9.5,3,3.1493908788005,9,9.0,0.0,2,62.5,432
208,3.0,1,0.949396084964598,0,3.0,0.0,2,86.5,433
209,5.0,2,1.2616618075801749,0,6.0,0.0,2,83.5,433
210,0.0,2,1.2616618075801749,0,11.0,10.0,2,78.5,433
211,2.0,1,0.013357529600761588,0,1.0,0.0,3,77.5,434
212,0.0,1,0.013357529600761588,0,3.0,2.0,2,75.5,434
213,4.5,1,1.010828821324448,4,3.0,0.0,3,71.5,439
214,17.5,2,1.010646605581008,4,7.5,0.0,2,67.0,439
215,0.0,1,2.0371720116618075,0,1.0,0.0,3,82.5,450
216,2.0,2,2.012026239067056,0,1.0,0.0,3,82.5,450
217,0.0,1,1.0412328196584757,0,1.0,0.0,2,84.5,451
218,0.0,2,1.0218919200333194,0,1.0,0.0,2,84.5,451
219,2.0,3,1.0110333491997383,9,1.0,0.0,2,84.5,451
220,4.0,1,0.039100151722496576,9,4.0,0.0,2,83.0,453
221,8.5,1,0.039100151722496576,9,8.0,8.5,2,79.0,453
222,17.0,2,0.03871154875944547,9,16.5,0.0,2,70.5,453
223,2.0,1,0.9336995002082464,0,0.0,0.0,3,80.0,454
224,0.0,2,1.0,0,2.0,0.0,2,78.0,454
225,0.0,2,1.0,0,2.0,3.0,2,78.0,454
226,0.0,1,0.033683881715951686,0,1.0,1.5,3,77.0,458
227,2.0,1,1.4216472303206995,0,3.0,0.0,2,74.0,459
228,0.0,2,1.4205539358600583,0,5.0,0.0,2,72.0,459
229,10.0,3,1.4201114119117035,0,5.0,10.0,2,72.0,459
230,3.0,1,0.3645374695067531,0,3.0,0.0,3,57.5,462
231,8.0,2,0.15869131909323494,0,6.0,0.0,2,54.5,462
232,16.0,3,0.15866342892842267,9,14.0,0.0,2,46.5,462
233,0.0,1,0.2312131849824477,0,2.0,0.0,2,28.5,465
234,0.0,1,0.2312131849824477,0,2.0,3.0,2,28.5,465
235,0.0,1,0.01726215267448087,0,1.0,0.0,3,26.5,467
236,0.0,1,0.01726215267448087,0,1.0,1.0,3,26.5,467
237,2.0,1,0.0325719938121021,0,3.0,0.0,2,23.5,472
238,5.0,2,0.03256455643481883,0,5.0,0.0,2,21.5,472
239,0.0,2,0.03256455643481883,0,10.0,5.0,2,16.5,472
240,2.0,1,0.05000520616409829,0,3.0,0.0,3,77.0,481
241,0.0,2,0.04383590170762183,0,5.0,0.0,3,75.0,481
242,8.0,3,0.043731778425655975,0,5.0,0.0,3,75.0,481
243,3.0,1,1.1184402332361516,0,1.0,1.5,2,88.5,488
244,9.0,2,5.065233236151603,0,4.0,4.0,2,85.5,488
245,37.0,3,5.063332986255727,0,13.0,13.0,2,76.5,488
246,27.5,1,0.6232038733860892,0,18.0,5.0,2,117.5,496
247,0.0,1,0.6232038733860892,0,45.5,22.5,2,90.0,496
248,6.0,1,0.9362765514369012,0,4.0,0.0,3,86.0,500
249,6.5,1,0.1090970280240376,0,6.0,0.0,2,91.5,502
250,0.0,1,0.4115212411495209,0,3.0,0.0,2,101.5,507
251,0.0,2,0.9584548104956268,0,3.0,0.0,2,101.5,507
252,1.0,3,0.9555133277800916,0,3.0,1.0,2,101.5,507
253,2.0,1,0.4345399238412566,8,2.0,0.0,2,105.5,511
254,2.0,1,0.4345399238412566,8,4.0,2.0,2,103.5,511
255,0.0,2,0.16369109597191647,8,6.0,0.0,2,101.5,511
256,6.5,3,0.012078300708038316,8,6.0,0.0,2,101.5,511
257,0.0,3,0.012078300708038316,8,12.5,48.5,2,95.0,511
258,0.0,1,0.023896293211162014,0,3.0,0.0,2,91.0,514
259,1.0,1,0.023896293211162014,0,3.0,1.0,2,91.0,514
260,0.0,2,0.02353186172428155,0,4.0,0.0,2,90.0,514
261,0.0,2,0.02353186172428155,0,4.0,3.0,2,90.0,514
262,2.5,1,0.4364587671803416,0,2.0,0.0,2,86.5,518
263,2.0,1,0.08913696674004877,0,3.0,0.0,2,88.0,523
264,0.0,1,0.5219737311834355,0,3.0,0.0,2,92.0,525
265,0.0,2,0.03732819658475635,9,3.0,0.0,2,92.0,525
266,6.0,3,0.0032798833819241984,9,3.0,0.0,2,92.0,525
267,0.0,1,0.003357975843398584,0,1.0,0.0,2,98.0,526
268,0.0,2,0.0012494793835901704,9,1.0,0.0,2,98.0,526
269,1.0,2,0.0012494793835901704,9,1.0,1.0,2,98.0,526
270,0.0,3,0.0010932944606413997,9,2.0,0.0,2,97.0,526
271,0.0,3,0.0010932944606413997,9,2.0,4.0,2,97.0,526
272,3.0,1,0.0027648450050574164,0,1.0,1.0,2,96.0,527
273,4.0,2,0.00019709049800678292,4,4.0,0.0,2,93.0,527
274,19.0,3,3.9345269084310113,0,8.0,1.0,2,89.0,527
275,0.0,1,0.022364193490807403,0,2.0,0.0,2,120.0,541
276,0.0,1,0.022364193490807403,0,2.0,2.0,2,120.0,541
277,0.0,1,0.03324321711191765,0,1.0,0.0,2,79.0,542
278,2.0,2,0.6706059975010412,0,1.0,0.0,2,79.0,542
279,7.000000000000001,1,1.0365472719700124,0,3.0,3.5,2,78.0,544
280,0.0,2,0.9410141607663474,0,10.0,0.0,2,71.0,544
281,10.5,3,0.9406162610816922,0,10.0,0.0,2,71.0,544
282,0.0,1,0.08910721723091569,0,1.0,0.0,4,92.0,547
283,0.0,2,0.08833001130481348,0,1.0,0.0,4,92.0,547
284,0.0,2,0.08833001130481348,0,1.0,3.0,2,92.0,547
285,2.0,1,0.0012308859403819838,0,1.0,0.0,2,91.0,548
286,0.0,2,8.73891830784792e-05,0,3.0,0.0,2,89.0,548
287,3.5000000000000004,3,0.0,0,3.0,0.0,2,89.0,548
288,3.0,1,0.4716803266496103,0,3.0,0.0,2,92.0,550
289,3.0,1,0.037954795620872256,9,1.0,0.0,3,95.5,555
290,2.0,1,0.9348708871303624,0,1.0,0.0,3,97.5,556
291,0.0,1,0.3233046498482775,0,4.0,8.5,3,74.5,560
292,5.0,1,0.9774052478134112,0,3.5,0.0,2,72.5,564
293,8.5,2,0.9555393586005833,0,8.5,0.0,2,67.5,564
294,3.0,1,1.0310807996668054,0,3.0,0.0,2,81.5,571
295,0.0,1,0.1703270958529184,0,1.0,3.0,2,87.5,573
296,0.0,1,0.022728624977687868,0,1.0,0.0,2,85.0,577
297,3.0,2,0.011098426250966858,0,1.0,1.0,2,85.0,577
298,4.0,3,0.011068676741833759,9,4.0,0.0,2,82.0,577
299,2.0,1,0.6699552269887546,0,1.0,0.0,2,77.0,579
300,0.0,1,1.0000260308204914,0,3.0,0.0,2,76.5,580
301,3.5000000000000004,2,1.0,0,3.0,0.0,2,76.5,580
302,0.0,3,0.999990703278396,0,6.5,0.0,2,73.0,580
303,2.0,1,0.8692992503123699,0,1.0,0.0,2,86.0,582
304,0.0,1,0.016592788718986142,0,3.0,0.0,2,85.5,587
305,0.0,2,0.8021397334443982,0,3.0,0.0,2,85.5,587
306,0.0,3,1.0009371095376929,0,3.0,0.0,2,85.5,587
307,5.0,1,0.5109868655917177,8,3.0,0.0,2,89.5,588
308,5.0,1,1.0412328196584757,0,2.0,0.0,2,93.0,592
309,12.0,1,1.0263692211578508,0,4.0,5.5,2,91.0,596
310,0.0,1,0.08325214196465758,0,2.0,0.0,2,103.0,597
311,2.0,2,0.007444814660558099,0,2.0,0.0,2,103.0,597
312,2.0,1,1.015826738858809,0,1.0,0.0,2,106.5,598
313,0.0,2,1.9998438150770512,0,3.0,0.0,2,104.5,598
314,0.0,2,1.9998438150770512,0,3.0,4.0,2,104.5,598
315,2.0,1,0.18521114714107206,0,3.0,0.0,2,101.5,599
316,5.5,2,0.07955576545486999,0,5.0,0.0,2,99.5,599
317,2.0,1,0.007812964836080205,0,1.0,0.0,2,78.0,605
318,3.5000000000000004,2,0.0005987088713036235,9,3.0,0.0,2,76.0,605
319,13.0,3,4.702886074254776,0,6.5,0.0,2,72.5,605
320,0.0,1,0.02376613910870471,0,3.0,9.5,2,78.0,610
321,2.0,1,1.0009110787172009,0,1.0,0.0,4,79.0,611
322,0.0,1,1.0009110787172009,0,3.0,6.0,2,77.0,611
323,2.0,1,0.23082086333075505,0,1.0,0.0,2,68.5,620
324,3.5000000000000004,2,0.22020400725888026,8,3.0,0.0,2,66.5,620
325,0.0,3,0.01577467721782591,8,6.5,6.5,2,63.0,620
326,7.000000000000001,1,0.3790886981614803,0,3.0,3.0,2,60.0,623
327,10.0,2,0.027077631344082826,0,10.0,0.0,2,53.0,623
328,0.0,1,0.0016771285773784733,0,1.0,0.0,2,71.0,626
329,0.0,2,0.6495210329029572,0,1.0,0.0,2,71.0,626
330,2.0,3,0.6494838460165407,0,1.0,0.0,2,71.0,626
331,0.0,1,0.2964166716249182,0,2.5,0.0,2,71.0,627
332,3.0,2,0.03110683048729696,0,2.5,0.0,2,71.0,627
333,0.0,1,0.6042534360683048,0,1.0,1.5,2,75.0,629
334,0.0,1,0.031759460343904325,0,1.0,1.0,2,74.5,636
335,2.0,1,0.0481570179092045,0,1.0,0.0,3,73.5,637
336,0.0,1,0.1542921104301779,0,1.0,2.0,4,75.5,638
337,2.0,1,0.801567055393586,0,1.0,1.0,2,74.5,640
338,0.0,1,0.801567055393586,0,3.0,1.0,2,72.5,640
339,0.0,1,2.052113702623907,0,3.0,0.0,4,76.0,646
340,8.0,1,2.052113702623907,0,3.0,8.0,2,76.0,646
341,0.0,2,2.051384839650146,0,11.0,0.0,2,68.0,646
342,13.5,3,2.013067471886714,0,11.0,0.0,2,68.0,646
343,3.5000000000000004,1,1.0213192419825072,0,3.0,0.0,2,90.5,656
344,7.000000000000001,2,1.2667638483965014,0,6.5,0.0,2,87.0,656
345,5.0,1,2.0,0,4.0,5.0,2,74.5,659
346,11.0,2,1.985630987088713,0,9.0,11.0,2,69.5,659
347,58.49999999999999,3,1.9856272684000715,0,20.0,23.5,2,58.5,659
348,2.0,1,0.7465118700541441,0,1.0,1.0,2,153.5,665
349,3.0,2,0.7464598084131612,0,3.0,0.0,2,151.5,665
350,0.0,1,0.033293419408579765,9,3.0,0.0,2,154.5,666
351,0.0,1,0.033293419408579765,9,3.0,3.0,2,154.5,666
352,2.0,1,0.008463735348366752,0,1.0,0.0,3,79.0,667
353,4.0,2,0.006357098232879157,9,3.0,0.0,2,77.0,667
354,4.0,2,0.006357098232879157,9,7.0,4.0,2,73.0,667
355,8.0,3,4.928179106919736,0,11.0,0.0,2,69.0,667
356,0.0,1,0.00016362230023204616,0,1.0,0.0,2,100.0,668
357,0.0,2,0.00013759147974058429,0,1.0,0.0,2,100.0,668
358,2.0,3,3.9509821056702568,9,1.0,0.0,2,100.0,668
359,0.0,1,0.04745418575593503,0,3.0,0.0,3,77.0,671
360,0.0,1,0.04745418575593503,0,3.0,4.0,3,77.0,671
361,0.0,1,0.08835604212530493,0,2.0,0.0,4,75.0,672
362,1.0,1,0.08835604212530493,0,2.0,1.0,3,75.0,672
363,2.0,2,0.006403581840899625,0,3.0,0.0,3,74.0,672
364,5.0,3,1.3978029987505207,0,5.0,0.0,3,72.0,672
365,6.0,3,1.3978029987505207,0,10.0,6.0,2,67.0,672
366,2.0,1,0.0004443832926756708,0,1.0,0.0,4,60.0,676
367,0.0,2,0.00010412328196584755,0,3.0,0.0,3,58.0,676
368,4.0,2,0.00010412328196584755,0,3.0,1.0,2,58.0,676
369,0.0,3,0.0,0,7.0,0.0,2,54.0,676
370,0.0,3,0.0,0,7.0,1.0,2,54.0,676
371,2.0,1,0.4344841435116321,0,1.0,0.0,3,79.0,679
372,0.0,2,0.03103431605878503,0,3.0,0.0,2,77.0,679
373,0.0,2,0.03103431605878503,0,3.0,7.5,2,77.0,679
374,0.0,1,1.0124167013744274,0,3.0,0.0,3,73.0,680
375,3.0,1,1.0124167013744274,0,3.0,3.0,3,73.0,680
376,0.0,2,1.4008746355685129,0,6.0,0.0,3,70.0,680
377,7.000000000000001,2,1.4008746355685129,0,6.0,3.0,2,70.0,680
378,16.0,3,1.3982975843398584,0,13.0,0.0,2,63.0,680
379,0.0,1,0.017345823168917713,0,4.0,0.0,2,43.0,681
380,0.0,1,0.017345823168917713,0,4.0,2.0,2,43.0,681
381,0.0,1,0.32369511215564944,0,1.0,0.0,2,42.0,682
382,2.0,2,0.23157575712500744,0,1.0,0.0,2,42.0,682
383,5.0,1,0.6703977509371095,0,3.0,0.0,2,40.0,692
384,3.0,1,0.6542344707562325,0,3.0,0.0,2,43.5,693
385,6.5,2,1.0055185339441899,0,6.0,0.0,2,40.5,693
386,0.0,1,0.12359619503778188,0,3.0,2.0,3,50.0,696
387,0.0,1,0.00047041411316713273,0,1.0,0.0,2,47.5,704
388,2.0,2,0.5072886297376094,0,1.0,0.0,2,47.5,704
389,3.0,1,0.08398100493841852,0,3.0,0.0,2,46.5,706
390,6.0,2,0.08395497411792706,0,6.0,0.0,2,43.5,706
391,0.0,3,0.07706052537633129,12,12.0,0.0,2,37.5,706
392,0.0,1,0.3689664276789433,0,1.0,3.0,3,36.5,709
393,3.0,1,0.3120351639197953,0,2.0,0.0,2,34.5,710
394,3.5000000000000004,1,0.9373438150770512,0,2.5,3.5,2,36.0,712
395,0.0,2,0.9359641815910036,0,6.0,0.0,2,32.5,712
396,0.0,3,0.9345045962991608,0,6.0,0.0,2,32.5,712
397,0.0,1,0.17071383947164873,0,3.0,3.5,2,42.5,720
398,6.0,1,0.08832629261617184,0,3.0,3.0,2,39.5,722
399,9.0,2,0.08718651454750996,0,9.0,0.0,2,33.5,722
400,2.0,1,0.04310703873386089,0,1.0,0.0,2,49.5,724
401,0.0,1,0.0038785922532278217,0,3.0,0.0,2,49.0,739
402,7.000000000000001,2,0.0035141607663473555,0,3.0,3.0,2,49.0,739
403,10.0,3,0.002394835485214494,0,10.0,0.0,2,42.0,739
404,0.0,1,0.5805653894210746,0,2.0,0.0,2,59.5,740
405,2.0,2,1.3677113702623906,0,2.0,0.0,2,59.5,740
406,0.0,3,1.3675812161599334,9,4.0,0.0,2,57.5,740
407,0.0,1,0.6133921134051288,0,1.0,0.0,2,58.0,742
408,0.0,2,0.6079275004462427,8,1.0,2.5,2,58.0,742
409,2.0,1,1.0165295710120783,0,2.0,0.0,2,56.0,745
410,4.0,2,1.0165035401915867,0,4.0,0.0,2,54.0,745
411,0.0,1,0.001647379068245374,0,2.5,6.0,2,59.0,747
412,0.0,1,0.6044096209912536,0,3.0,0.0,3,56.0,750
413,0.0,2,0.6039670970428987,9,3.0,3.0,2,56.0,750
414,0.0,1,0.16020296602606054,0,9.0,0.0,2,71.0,754
415,20.0,1,0.16020296602606054,0,9.0,9.0,2,71.0,754
416,2.0,1,0.011715728565478669,0,1.0,0.0,3,95.5,767
417,0.0,2,0.005574314273814482,0,3.0,0.0,2,93.5,767
418,3.0,3,0.6683654875944547,0,3.0,0.0,2,93.5,767
419,2.0,1,0.0016510977568870114,0,1.0,0.0,2,93.5,770
420,0.0,1,0.006691780210626525,0,1.0,0.0,2,95.5,774
421,2.0,2,0.006617406437793776,0,1.0,0.0,2,95.5,774
422,0.0,1,0.6703456892961266,0,3.0,6.0,3,94.5,775
423,0.0,1,0.7978967097042898,0,9.5,12.5,2,85.0,777
424,0.0,1,2.7346938775510203,0,3.5,0.0,3,84.0,779
425,7.5,1,2.7346938775510203,0,3.5,7.5,3,84.0,779
426,0.0,2,5.506924198250728,0,11.0,0.0,2,76.5,779
427,12.0,2,5.506924198250728,0,11.0,12.0,2,76.5,779
428,24.0,3,5.506872136609746,9,23.0,0.0,2,64.5,779
429,0.0,1,0.0077330130302850015,0,1.0,0.0,3,79.5,783
430,0.0,2,0.0063050365918962325,0,1.0,0.0,3,79.5,783
431,0.0,2,0.0063050365918962325,0,1.0,2.0,3,79.5,783
432,2.0,1,0.8852821740941275,0,1.0,0.0,5,78.5,784
433,0.0,2,0.8838504789670971,0,3.0,0.0,2,76.5,784
434,7.000000000000001,2,0.8838504789670971,0,3.0,3.0,2,76.5,784
435,11.0,3,0.8838486196227763,0,10.0,0.0,2,69.5,784
436,0.0,1,0.10363241506515143,0,2.0,3.0,3,89.5,789
437,0.0,1,0.3685480752067591,0,1.0,0.0,3,88.5,790
438,0.0,1,0.3685480752067591,0,1.0,2.0,2,88.5,790
439,4.5,1,0.6247136609745939,0,4.0,0.0,2,84.5,791
440,0.0,1,0.00554828345332302,8,1.0,0.0,2,92.5,795
441,1.0,1,0.00554828345332302,8,1.0,1.0,2,92.5,795
442,0.0,2,0.3273115368596418,8,2.0,0.0,2,91.5,795
443,0.0,2,0.3273115368596418,8,2.0,3.0,2,91.5,795
444,2.0,1,1.0029154518950438,0,1.0,0.0,3,87.0,808
445,0.0,1,0.017598693996549057,0,1.0,0.0,4,89.5,811
446,0.0,2,0.0012755102040816323,0,1.0,0.0,4,89.5,811
447,0.0,2,0.0012755102040816323,0,1.0,2.0,3,89.5,811
448,2.0,1,0.6702155351936693,0,1.0,0.0,3,88.5,812
449,0.0,2,0.6691743023740109,0,3.0,0.0,2,86.5,812
450,0.0,3,0.6542047212470994,0,3.0,0.0,2,86.5,812
451,4.0,1,2.0018221574344017,0,3.0,4.0,2,83.5,813
452,5.0,2,2.000728862973761,0,7.0,5.0,2,79.5,813
453,5.0,3,1.9999219075385253,0,12.0,5.0,2,74.5,813
454,3.0,1,0.018794252394835485,0,3.0,1.0,2,102.0,820
455,1.0,2,0.016607663473552685,8,6.0,1.0,2,99.0,820
456,5.0,3,0.016503540191586837,15,7.0,0.0,2,98.0,820
457,0.0,1,0.22139956565716665,0,2.5,0.0,3,79.5,824
458,0.0,1,0.22139956565716665,0,2.5,4.0,3,79.5,824
459,5.0,1,0.11961533884690904,0,7.0,0.0,2,72.5,827
460,12.5,2,0.11412469506753138,0,12.0,0.0,2,67.5,827
461,2.0,1,0.04375780924614744,9,3.0,0.0,3,86.5,831
462,6.5,1,0.04375780924614744,9,5.0,6.5,2,84.5,831
463,0.0,2,0.0032798833819241984,9,11.5,8.5,2,78.0,831
464,0.0,1,0.08325586065329922,0,4.0,0.0,2,74.0,834
465,12.0,1,0.08325586065329922,0,4.0,5.5,2,74.0,834
466,2.0,1,1.0158788004997918,0,1.0,0.0,2,79.0,848
467,0.0,2,1.0156965847563515,0,3.0,0.0,2,77.0,848
468,7.000000000000001,3,0.07142857142857142,0,3.0,0.0,2,77.0,848
469,4.5,1,0.8641451478550604,0,3.0,0.0,3,86.5,851
470,9.0,2,0.8630518533944191,4,7.5,0.0,2,82.0,851
471,0.0,3,1.056408788004998,4,16.5,0.0,2,73.0,851
472,2.0,1,4.9349006366394965,0,0.0,0.0,2,80.0,853
473,3.0,2,4.9348485749985125,0,2.0,0.0,2,78.0,853
474,6.0,3,3.934848574998514,0,5.0,0.0,2,75.0,853
475,0.0,1,0.5930378711251264,0,3.0,3.0,3,87.0,858
476,0.0,1,0.09423900755637532,0,1.0,0.0,2,86.0,859
477,1.0,2,0.07779496638305468,12,1.0,1.0,2,86.0,859
478,2.0,3,0.07778938835009222,12,2.0,0.0,2,85.0,859
479,0.0,1,0.035167638483965015,0,3.0,0.0,2,77.5,864
480,1.0,1,0.035167638483965015,0,3.0,1.0,2,77.5,864
481,0.0,2,0.033345481049562684,0,4.0,0.0,2,76.5,864
482,0.0,3,0.032850895460224905,8,4.0,0.0,2,76.5,864
483,0.0,1,0.022057401677872315,0,5.0,5.0,2,80.5,869
484,3.0,1,0.03837500743737728,0,3.0,0.0,2,76.5,872
485,0.0,1,0.37911658832629264,0,3.0,5.0,2,77.0,873
486,2.0,1,0.011429389540072587,9,1.0,2.0,2,75.0,874
487,11.0,2,0.010629871482120546,9,3.0,5.0,2,73.0,874
488,0.0,3,0.0011453561016243233,9,14.0,28.0,2,62.0,874
489,0.0,1,0.3710172844648063,0,3.0,0.0,2,63.5,889
490,0.0,2,0.3679456476468138,0,3.0,4.5,2,63.5,889
491,7.000000000000001,1,1.0209027488546438,0,1.0,2.0,2,62.5,890
492,8.0,2,1.0208767180341525,0,8.0,0.0,2,55.5,890
493,2.0,1,0.8050551853394419,0,2.5,0.0,2,69.5,898
494,0.0,2,0.8036755518533945,0,4.5,0.0,2,67.5,898
495,0.0,2,0.8036755518533945,0,4.5,7.0,2,67.5,898
496,0.0,1,6.0,0,5.0,0.0,2,63.0,903
497,3.0,2,5.995626822157433,0,5.0,0.0,2,63.0,903
498,15.5,3,5.995340483132027,0,8.0,0.0,2,60.0,903
499,3.0,1,0.9505935027072052,0,5.0,0.0,2,72.5,922
500,0.0,2,1.0025510204081634,0,8.0,0.0,2,69.5,922
501,8.5,3,0.01421282798833819,0,8.0,0.0,2,69.5,922
502,0.0,1,0.03363182007496876,0,1.0,0.0,2,85.0,924
503,2.0,2,0.032538525614327365,0,1.0,0.0,2,85.0,924
504,0.0,1,0.006444487415957637,0,1.0,0.0,2,86.5,925
505,2.0,2,0.006340364133991789,0,1.0,0.0,2,86.5,925
506,4.0,3,0.0015878800499791756,0,3.0,0.0,2,84.5,925
507,0.0,1,0.1761003599690605,0,0.0,0.0,2,89.5,929
508,2.0,2,1.001874219075385,0,0.0,0.0,2,89.5,929
509,0.0,3,0.9338017641458916,0,2.0,0.0,2,87.5,929
510,3.0,1,0.3846072321056703,0,3.0,0.0,4,90.0,931
511,5.0,1,1.00018221574344,0,5.0,0.0,2,95.0,948
512,0.0,1,1.00018221574344,0,10.0,13.5,2,90.0,948
513,2.0,1,0.8750520616409829,0,1.0,0.0,2,89.0,950
514,5.0,1,1.0470376926280716,0,5.0,0.0,2,85.5,953
515,10.5,2,1.046673261141191,0,10.0,0.0,2,80.5,953
516,70.0,2,1.046673261141191,0,20.5,15.5,2,70.0,953
517,3.0,1,0.0012848069256857259,4,2.0,0.0,2,78.0,954
518,5.0,1,1.07033527696793,0,5.0,0.0,2,79.0,959
519,0.0,1,2.0269679300291545,0,2.5,0.0,2,84.0,969
520,0.0,2,4.998542274052479,0,2.5,0.0,2,84.0,969
521,3.0,3,4.986411911703457,9,2.5,0.0,2,84.0,969
522,2.0,1,0.378333804367228,0,1.0,0.0,3,92.5,971
523,3.0,2,0.29232983280775865,0,3.0,0.0,2,90.5,971
524,6.5,3,0.020880436722794073,0,6.0,0.0,2,87.5,971
525,2.0,1,0.8682580174927114,0,1.0,0.0,2,79.0,985
526,0.0,1,0.00608005592907717,8,3.0,0.0,2,78.5,986
527,3.0,2,0.006054025108585708,15,3.0,0.0,2,78.5,986
528,2.0,1,0.00019151246504432677,0,1.0,0.0,2,83.0,1004
529,3.0,2,0.00018221574344023323,0,3.0,0.0,2,81.0,1004
530,0.0,1,0.011460998393526507,0,1.0,2.0,2,86.0,1006
531,0.0,1,0.6057371928363182,0,1.0,0.0,4,85.0,1008
532,0.0,2,1.0036443148688046,0,1.0,4.0,3,85.0,1008
533,0.0,1,3.0,0,17.0,0.0,2,66.5,1018
534,17.5,2,2.9998438150770514,0,17.0,0.0,2,66.5,1018
535,49.0,3,2.999806628190635,0,34.5,0.0,2,49.0,1018
