PreflopID,Decision,High_card,Kicker,NumIn,Pocket,Suited,PotInvestment,AmountToCall,HandID
1,0.0,7,3,5,0,0,0.0,3.0,1
2,3.0,12,7,5,0,0,0.0,1.0,2
3,0.0,7,5,6,0,1,0.0,1.0,3
4,0.0,11,3,3,0,0,0.5,2.5,5
5,3.0,11,10,4,0,0,0.0,3.0,6
6,0.0,8,3,5,0,0,0.0,1.0,7
7,0.0,10,6,5,0,0,0.0,1.0,8
8,0.0,2,0,6,0,0,0.0,1.0,9
9,2.5,12,6,2,0,1,1.0,2.5,10
10,0.0,11,1,3,0,0,0.5,2.5,11
11,3.0,12,5,3,0,0,0.0,1.0,12
12,0.0,11,0,4,0,0,0.0,1.0,13
13,0.0,9,6,5,0,1,0.0,1.0,14
14,0.0,1,0,2,0,1,1.0,2.5,15
15,0.0,4,3,2,0,0,0.5,0.5,16
16,0.0,11,6,4,0,0,0.0,3.5,17
17,0.0,10,4,4,0,0,0.0,1.0,18
18,3.0,11,3,5,0,1,0.0,1.0,19
19,1.0,9,8,6,0,0,0.0,1.0,20
20,0.0,9,8,2,0,0,1.0,4.0,20
21,0.0,3,2,2,0,0,1.0,2.5,21
22,0.0,9,1,4,0,0,0.5,2.5,22
23,0.0,6,3,4,0,0,0.0,3.5,23
24,0.0,11,7,4,0,0,0.0,1.0,24
25,3.0,12,8,5,0,0,0.0,1.0,25
26,0.0,12,8,2,0,0,3.0,7.5,25
27,0.0,4,3,2,0,0,1.0,2.0,26
28,0.0,5,3,3,0,0,0.5,3.0,27
29,0.0,6,2,5,0,0,0.0,8.0,28
30,0.0,3,2,4,0,0,0.0,1.0,29
31,0.0,10,2,5,0,0,0.0,1.0,30
32,0.0,5,1,6,0,0,0.0,1.0,31
33,0.0,6,3,3,0,0,1.0,2.0,32
34,0.0,8,1,3,0,1,0.5,1.5,33
35,3.0,10,6,3,0,0,0.0,1.0,34
36,0.0,10,6,2,0,0,3.0,6.5,34
37,1.0,11,9,4,0,0,0.0,1.0,35
38,2.5,11,9,2,0,0,1.0,2.5,35
39,2.0,11,6,2,0,1,1.0,2.0,36
40,0.0,12,0,3,0,0,0.5,2.5,37
41,0.0,8,4,5,0,0,0.0,8.5,38
42,0.0,11,2,5,0,0,0.0,3.0,39
43,0.0,10,2,5,0,0,0.0,1.0,40
44,1.0,10,8,6,0,0,0.0,1.0,41
45,0.0,10,8,2,0,1,1.0,2.0,42
46,0.0,4,2,4,0,0,0.5,2.5,43
47,0.0,5,1,4,0,0,0.0,3.0,44
48,0.0,1,0,5,0,1,0.0,3.0,45
49,0.0,11,1,5,0,0,0.0,1.0,46
50,0.0,2,0,2,0,0,0.5,0.5,48
51,0.0,2,1,3,0,0,0.0,1.0,49
52,0.0,9,2,4,0,0,0.0,1.0,50
53,0.0,7,3,5,0,0,0.0,1.0,51
54,0.0,5,4,6,0,0,0.0,1.0,52
55,0.0,12,0,3,0,0,1.0,2.0,53
56,2.5,8,5,2,0,0,0.5,0.5,54
57,1.0,9,3,4,0,1,0.0,1.0,55
58,0.0,7,1,4,0,0,0.0,1.0,56
59,0.0,7,4,5,0,1,0.0,1.0,57
60,0.0,7,1,6,0,1,0.0,1.0,58
61,0.0,10,0,2,0,0,1.0,2.0,59
62,2.5,7,6,2,0,0,0.5,0.5,60
63,0.0,12,1,4,0,0,0.0,3.0,61
64,0.0,8,6,4,0,0,0.0,1.0,62
65,0.0,3,2,5,0,0,0.0,1.0,63
66,3.0,11,11,6,1,0,0.0,1.0,64
67,0.0,11,0,2,0,0,1.0,1.5,65
68,0.0,6,0,2,0,0,0.5,0.5,66
69,0.0,6,5,3,0,0,0.0,1.0,67
70,0.0,9,8,5,0,0,0.0,3.0,68
71,0.0,5,4,5,0,0,0.0,1.0,69
72,1.0,7,6,2,0,0,1.0,1.0,70
73,0.0,9,2,2,0,0,0.5,0.5,71
74,0.0,6,2,3,0,0,0.0,1.0,72
75,3.0,12,9,4,0,1,0.0,1.0,73
76,0.0,1,0,5,0,0,0.0,1.0,74
77,0.0,8,2,6,0,0,0.0,1.0,75
78,0.0,3,0,2,0,1,1.0,2.0,76
79,0.5,6,4,3,0,1,0.5,0.5,77
80,1.0,10,9,3,0,1,0.0,1.0,78
81,0.0,11,4,5,0,0,0.0,3.0,79
82,0.0,9,8,5,0,0,0.0,1.0,80
83,3.0,12,8,6,0,0,0.0,1.0,81
84,0.0,6,1,2,0,0,1.0,2.0,82
85,0.0,3,1,3,0,0,0.5,2.5,83
86,2.0,11,8,4,0,1,0.0,2.0,84
87,0.0,11,8,4,0,0,0.0,1.0,85
88,0.0,9,0,5,0,0,0.0,1.0,86
89,0.0,2,0,6,0,0,0.0,1.0,87
90,1.5,10,4,2,0,1,1.0,1.5,88
91,0.0,10,5,3,0,0,0.5,2.5,89
92,0.0,10,5,4,0,0,0.0,2.0,90
93,0.0,10,1,5,0,0,0.0,1.0,91
94,0.0,9,3,5,0,0,0.0,1.0,92
95,0.0,6,1,6,0,0,0.0,1.0,93
96,0.0,5,3,3,0,0,1.0,2.0,94
97,0.0,11,2,4,0,0,0.5,82.0,95
98,2.0,9,8,4,0,0,0.0,2.0,96
99,3.0,12,7,4,0,0,0.0,1.0,97
100,0.0,1,1,5,1,0,0.0,1.0,98
101,0.0,6,3,2,0,0,1.0,0.0,99
102,2.5,8,7,2,0,0,0.5,0.5,100
103,0.0,7,0,4,0,0,1.0,1.0,101
104,2.5,12,0,2,0,0,0.5,0.5,102
105,0.0,5,2,4,0,0,0.0,3.0,103
106,0.0,5,3,5,0,0,0.0,3.0,104
107,0.0,2,0,5,0,0,0.0,1.0,105
108,1.0,11,1,2,0,0,1.0,1.0,106
109,0.0,7,5,3,0,1,0.5,2.5,107
110,0.0,9,4,3,0,0,0.0,1.0,108
111,0.0,7,1,4,0,0,0.0,1.0,109
112,0.0,6,4,2,0,1,1.0,1.0,110
113,0.0,7,3,2,0,0,0.5,0.5,111
114,3.0,11,3,3,0,0,0.0,1.0,112
115,0.0,5,1,4,0,0,0.0,1.0,113
116,0.0,5,4,5,0,0,0.0,1.0,114
117,0.0,3,2,3,0,1,0.5,2.5,116
118,0.0,5,1,3,0,0,0.0,1.0,117
119,3.0,12,9,5,0,1,0.0,1.0,118
120,0.0,10,4,5,0,0,0.0,1.0,119
121,0.0,8,0,2,0,0,1.0,0.0,120
122,0.0,11,9,3,0,0,0.5,2.5,121
123,3.0,10,9,3,0,0,0.0,1.0,122
124,0.0,8,5,5,0,0,0.0,1.0,123
125,0.0,8,5,2,0,0,0.0,3.5,123
126,0.0,9,5,6,0,0,0.0,1.0,124
127,0.0,6,4,3,0,0,1.0,1.5,125
128,4.5,12,12,3,1,0,0.5,2.0,126
129,3.0,12,7,3,0,0,0.0,1.0,127
130,0.0,7,1,4,0,0,0.0,1.0,128
131,0.0,8,2,5,0,0,0.0,1.0,129
132,1.0,11,8,6,0,0,0.0,1.0,130
133,0.0,10,4,2,0,1,1.0,0.0,131
134,4.5,11,2,2,0,0,0.5,0.5,132
135,5.0,10,8,4,0,0,0.0,1.0,133
136,0.0,7,1,4,0,0,0.0,1.0,134
137,0.0,9,0,5,0,1,0.0,1.0,135
138,0.0,4,3,6,0,1,0.0,1.0,136
139,0.0,8,2,2,0,0,1.0,0.0,137
140,0.0,11,3,4,0,0,0.5,3.5,138
141,0.0,7,1,5,0,0,0.0,1.0,139
142,1.0,10,8,5,0,0,0.0,1.0,140
143,0.0,10,8,3,0,0,1.0,6.0,140
144,0.0,7,3,5,0,0,0.0,1.0,141
145,0.0,5,1,6,0,1,0.0,1.0,142
146,0.0,8,2,2,0,0,1.0,0.0,143
147,0.0,11,0,3,0,0,0.5,2.0,144
148,0.0,6,1,4,0,0,0.0,1.0,145
149,0.0,6,2,5,0,1,0.0,1.0,146
150,0.0,8,6,6,0,0,0.0,1.0,147
151,2.0,10,10,2,1,0,1.0,2.0,148
152,2.0,11,10,3,0,0,0.5,2.0,149
153,2.5,12,10,5,0,0,0.0,2.5,150
154,0.0,11,4,6,0,1,0.0,3.0,151
155,0.0,6,1,5,0,1,0.0,1.0,152
156,0.0,6,1,6,0,0,0.0,1.0,153
157,7.000000000000001,9,9,3,1,0,1.0,7.0,154
158,6.0,9,9,3,1,0,8.0,6.0,154
159,2.5,9,8,2,0,0,0.5,0.5,155
160,3.0,12,7,4,0,1,0.0,3.0,156
161,0.0,11,3,4,0,1,0.0,1.0,157
162,0.0,4,0,5,0,0,0.0,1.0,158
163,0.0,2,2,3,1,0,0.5,2.5,160
164,1.0,9,6,3,0,0,0.0,1.0,161
165,0.0,9,6,2,0,0,1.0,5.0,161
166,0.0,10,4,4,0,0,0.0,1.0,162
167,1.0,11,9,5,0,0,0.0,1.0,163
168,2.5,11,7,3,0,0,0.5,2.5,165
169,1.0,10,7,3,0,1,0.0,1.0,166
170,3.0,12,2,4,0,0,0.0,1.0,167
171,0.0,9,5,5,0,0,0.0,1.0,168
172,1.5,11,5,2,0,0,1.0,1.5,169
173,3.0,10,7,3,0,0,0.5,3.0,171
174,3.0,11,8,4,0,1,0.0,3.0,172
175,0.0,11,4,5,0,1,0.0,3.0,173
176,0.0,7,3,5,0,1,0.0,1.0,174
177,0.0,3,2,6,0,1,0.0,1.0,175
178,0.0,10,5,3,0,0,1.0,2.5,176
179,0.0,9,3,3,0,0,0.5,2.0,177
180,0.0,7,1,3,0,1,0.0,1.0,178
181,0.0,10,1,4,0,0,0.0,1.0,179
182,0.0,9,5,5,0,0,0.0,1.0,180
183,0.0,7,4,2,0,1,1.0,2.5,181
184,2.5,11,7,2,0,0,0.5,0.5,182
185,0.0,9,5,3,0,0,0.0,1.0,183
186,0.0,8,2,4,0,1,0.0,1.0,184
187,0.0,11,3,5,0,0,0.0,1.0,185
188,0.0,10,0,3,0,0,1.0,0.0,186
189,0.5,10,6,3,0,1,0.5,0.5,187
190,0.0,6,5,3,0,0,0.0,1.0,188
191,0.0,9,5,4,0,0,0.0,1.0,189
192,0.0,10,4,5,0,1,0.0,1.0,190
193,0.0,10,4,6,0,0,0.0,1.0,191
194,2.5,4,3,2,0,0,0.5,0.5,193
195,0.0,4,1,4,0,0,0.0,3.0,194
196,0.0,8,3,2,0,0,1.0,1.5,195
197,0.0,9,4,4,0,1,0.5,2.5,196
198,0.0,1,0,4,0,0,0.0,3.5,197
199,3.0,12,8,4,0,0,0.0,1.0,198
200,0.0,2,1,5,0,0,0.0,1.0,199
201,0.0,7,1,6,0,0,0.0,1.0,200
202,0.0,11,2,2,0,0,1.0,0.0,201
203,2.5,11,4,2,0,0,0.5,0.5,202
204,0.0,10,7,3,0,0,0.0,1.0,203
205,0.0,8,4,5,0,1,0.0,2.0,204
206,3.0,12,4,6,0,0,0.0,1.0,205
207,0.0,5,0,6,0,0,0.0,1.0,206
208,0.0,1,0,3,0,0,1.0,1.5,207
209,1.5,10,1,2,0,1,0.5,0.5,208
210,0.0,8,2,4,0,0,0.0,1.0,209
211,0.0,12,1,5,0,0,0.0,3.0,210
212,0.0,10,4,5,0,1,0.0,1.0,211
213,3.0,12,7,6,0,0,0.0,1.0,212
214,0.0,12,7,3,0,0,3.0,6.0,212
215,0.0,11,2,2,0,0,1.0,0.0,213
216,0.0,3,2,2,0,0,0.5,0.5,214
217,0.0,7,3,4,0,1,0.0,3.0,215
218,0.0,9,5,5,0,0,0.0,3.0,216
219,3.0,12,6,5,0,0,0.0,1.0,217
220,0.0,10,4,6,0,0,0.0,1.0,218
221,5.500000000000001,12,9,3,0,1,0.5,3.0,219
222,0.0,12,9,2,0,1,6.0,94.0,219
223,3.0,12,10,3,0,0,0.0,1.0,220
224,0.0,11,3,5,0,0,0.0,1.0,221
225,0.0,8,3,5,0,0,0.0,1.0,222
226,0.0,5,3,6,0,0,0.0,1.0,223
227,2.5,11,8,2,0,1,0.5,0.5,224
228,0.0,7,0,3,0,0,0.0,1.0,225
229,0.0,4,3,2,0,0,0.5,0.5,227
230,0.0,10,4,5,0,0,0.0,1.0,228
231,0.0,9,0,5,0,0,0.0,1.0,229
232,3.0,9,9,6,1,0,0.0,1.0,230
233,0.0,8,7,6,0,0,0.0,1.0,231
234,2.0,12,8,3,0,1,1.0,2.0,232
235,2.5,11,0,3,0,0,0.5,0.5,233
236,0.0,7,0,4,0,0,0.0,3.0,234
237,0.0,4,3,5,0,0,0.0,1.0,235
238,1.0,12,8,5,0,0,0.0,1.0,236
239,0.0,11,3,2,0,1,1.0,0.0,237
240,0.0,8,0,3,0,1,0.0,1.0,238
241,3.0,11,6,4,0,0,0.0,1.0,239
242,0.0,6,5,2,0,1,1.0,2.0,240
243,0.5,9,3,3,0,0,0.5,0.5,241
244,0.0,2,1,4,0,0,0.0,3.5,242
245,0.0,11,2,4,0,0,0.0,1.0,243
246,3.0,11,9,5,0,1,0.0,1.0,244
247,0.0,11,6,2,0,0,1.0,1.5,245
248,0.0,7,4,3,0,0,0.5,2.5,246
249,0.0,3,2,4,0,0,0.0,3.5,247
250,0.0,6,4,4,0,0,0.0,1.0,248
251,0.0,6,1,5,0,0,0.0,1.0,249
252,0.0,7,0,2,0,1,1.0,2.0,250
253,5.499999999999999,12,5,3,0,1,0.5,2.5,251
254,1.0,11,6,3,0,0,0.0,1.0,252
255,0.0,10,4,5,0,1,0.0,3.0,253
256,3.0,12,6,5,0,0,0.0,1.0,254
257,0.0,5,2,3,0,0,1.0,8.0,255
258,4.5,12,5,3,0,0,0.5,2.5,256
259,0.0,3,1,3,0,0,0.0,1.0,257
260,3.0,11,8,4,0,0,0.0,1.0,258
261,0.0,9,4,5,0,1,0.0,1.0,259
262,0.0,5,3,3,0,0,1.0,8.0,260
263,2.5,6,6,2,1,0,0.5,0.5,261
264,0.0,5,4,3,0,0,0.0,1.0,262
265,0.0,12,7,5,0,1,0.0,3.0,263
266,0.0,1,1,3,1,0,1.0,2.0,264
267,2.5,10,8,3,0,0,0.5,2.5,265
268,0.0,10,8,3,0,0,3.0,7.0,265
269,0.0,9,1,4,0,1,0.0,3.0,266
270,0.0,11,1,4,0,1,0.0,1.0,267
271,0.0,9,4,5,0,0,0.0,1.0,268
272,0.0,9,2,6,0,1,0.0,1.0,269
273,0.0,4,3,2,0,0,1.0,2.0,270
274,6.5,12,6,3,0,0,0.5,3.5,271
275,0.0,10,1,4,0,0,0.0,1.0,272
276,0.0,10,1,2,0,0,0.0,4.0,272
277,1.0,10,7,5,0,0,0.0,1.0,273
278,0.0,10,7,2,0,0,1.0,4.0,273
279,0.0,5,2,2,0,1,1.0,2.0,274
280,2.5,8,6,2,0,0,0.5,0.5,275
281,1.0,11,4,3,0,0,0.0,1.0,276
282,3.0,12,10,4,0,0,0.0,1.0,277
283,0.0,8,3,5,0,0,0.0,1.0,278
284,0.0,5,0,2,0,0,1.0,1.5,279
285,0.0,2,1,3,0,1,0.5,2.5,280
286,3.0,10,8,4,0,0,0.0,3.0,281
287,0.0,4,0,4,0,0,0.0,1.0,282
288,3.0,12,1,5,0,0,0.0,1.0,283
289,4.999999999999999,10,10,2,1,0,1.0,2.0,284
290,2.5,10,8,2,0,0,0.5,0.5,285
291,0.0,5,4,4,0,0,0.0,3.0,286
292,0.0,11,5,4,0,0,0.0,1.0,287
293,0.0,9,4,5,0,0,0.0,1.0,288
294,4.0,12,7,2,0,0,1.0,1.5,289
295,0.0,4,2,2,0,1,0.5,0.5,290
296,0.0,5,0,3,0,0,0.0,1.0,291
297,0.0,9,1,4,0,0,0.0,1.0,292
298,0.0,7,2,3,0,0,1.0,37.0,293
299,2.5,7,6,2,0,0,0.5,0.5,294
300,0.0,10,2,4,0,1,0.0,1.0,295
301,0.0,7,1,4,0,0,0.0,1.0,296
302,1.0,9,8,5,0,1,0.0,1.0,297
303,0.0,9,8,3,0,1,1.0,49.0,297
304,1.0,10,0,2,0,0,1.0,1.0,298
305,0.5,10,5,4,0,0,0.5,0.5,299
306,0.0,9,5,4,0,0,0.0,1.0,300
307,0.0,2,1,4,0,0,0.0,1.0,301
308,2.0,10,1,2,0,0,1.0,0.0,302
309,0.0,5,3,2,0,0,0.5,0.5,303
310,0.0,11,4,4,0,0,0.0,1.0,304
311,0.0,5,2,5,0,0,0.0,1.0,305
312,0.0,5,2,6,0,0,0.0,1.0,306
313,0.0,6,1,4,0,0,1.0,2.0,307
314,0.0,6,0,3,0,0,0.5,0.5,308
315,1.0,6,5,3,0,1,0.0,1.0,309
316,0.0,11,1,4,0,0,0.0,1.0,310
317,0.0,9,0,5,0,0,0.0,1.0,311
318,4.999999999999999,12,11,2,0,1,1.0,2.0,312
319,2.5,7,6,2,0,0,0.5,0.5,313
320,0.0,9,3,3,0,0,0.0,1.0,314
321,0.0,9,2,4,0,0,0.0,1.0,315
322,0.0,10,5,5,0,0,0.0,1.0,316
323,4.0,12,2,2,0,0,1.0,1.5,317
324,0.0,10,6,5,0,0,0.0,4.5,318
325,0.0,11,2,6,0,0,0.0,3.0,319
326,0.0,11,1,3,0,0,1.0,1.0,320
327,2.5,8,5,3,0,0,0.5,0.5,321
328,0.0,5,4,4,0,0,0.0,1.0,322
329,3.0,12,1,5,0,0,0.0,1.0,323
330,0.0,10,2,5,0,0,0.0,1.0,324
331,0.0,11,5,6,0,0,0.0,1.0,325
332,1.5,5,3,2,0,0,1.0,1.5,326
333,5.499999999999999,12,10,3,0,0,0.5,2.5,327
334,1.0,11,10,5,0,0,0.0,1.0,328
335,0.0,8,7,2,0,0,1.0,2.0,329
336,2.5,12,6,3,0,1,0.5,2.5,330
337,1.0,8,7,3,0,0,0.0,1.0,331
338,0.0,10,7,4,0,0,0.0,1.0,332
339,0.0,6,5,5,0,0,0.0,1.0,333
340,0.0,9,3,6,0,0,0.0,1.0,334
341,2.5,4,2,2,0,1,0.5,0.5,336
342,0.0,4,2,4,0,1,0.0,3.0,337
343,0.0,2,1,5,0,0,0.0,1.0,338
344,0.0,9,0,5,0,0,0.0,1.0,339
345,3.5000000000000004,12,1,3,0,0,0.5,2.0,341
346,0.0,4,1,3,0,0,0.0,1.0,342
347,0.0,8,1,4,0,1,0.0,1.0,343
348,0.0,5,2,5,0,0,0.0,1.0,344
349,0.0,7,5,6,0,0,0.0,1.0,345
350,0.0,12,1,2,0,0,1.0,1.5,346
351,2.5,11,6,2,0,0,0.5,0.5,347
352,0.0,4,0,3,0,0,0.0,1.0,348
353,3.0,11,10,4,0,1,0.0,1.0,349
354,0.0,10,2,5,0,1,0.0,1.0,350
355,3.0,8,8,6,1,0,0.0,1.0,351
356,3.0,12,1,2,0,1,1.0,1.5,352
357,0.0,9,4,3,0,0,0.5,2.5,353
358,1.0,11,5,3,0,0,0.0,1.0,354
359,0.0,11,6,4,0,0,0.0,1.0,355
360,0.0,11,1,5,0,1,0.0,1.0,356
361,3.0,12,6,6,0,0,0.0,1.0,357
362,6.0,12,6,2,0,0,3.0,6.0,357
363,0.0,6,5,3,0,0,0.5,0.5,359
364,0.0,10,6,4,0,0,0.0,2.5,360
365,0.0,9,2,5,0,0,0.0,2.5,361
366,3.0,12,8,5,0,1,0.0,1.0,362
367,1.0,11,9,6,0,0,0.0,1.0,363
368,0.0,11,9,3,0,0,1.0,5.0,363
369,2.0,7,5,3,0,0,0.5,2.0,365
370,0.0,10,8,4,0,0,0.0,3.0,366
371,3.0,11,8,4,0,0,0.0,1.0,367
372,1.5,11,6,2,0,0,1.0,1.5,368
373,0.0,6,4,2,0,0,0.5,0.5,369
374,1.0,11,4,3,0,0,0.0,1.0,370
375,3.0,12,8,5,0,0,0.0,1.0,371
376,0.0,9,5,5,0,1,0.0,1.0,372
377,3.0,7,7,6,1,0,0.0,1.0,373
378,0.0,9,5,5,0,0,0.0,3.0,374
379,3.0,12,11,5,0,0,0.0,1.0,375
380,0.0,10,1,2,0,1,1.0,2.0,376
381,0.0,5,3,3,0,0,0.0,1.0,377
382,0.0,10,0,4,0,0,0.0,1.0,378
383,1.0,11,9,6,0,1,0.0,1.0,379
384,3.0,11,9,3,0,1,1.0,3.0,379
385,0.0,7,1,6,0,0,0.0,1.0,380
386,0.0,3,2,3,0,0,1.0,0.0,381
387,0.0,9,6,3,0,0,0.5,1.5,382
388,0.0,7,0,4,0,0,0.0,1.0,383
389,0.0,7,3,4,0,0,0.0,1.0,384
390,0.0,6,2,5,0,0,0.0,1.0,385
391,2.0,12,7,3,0,0,1.0,0.0,386
392,0.0,10,0,3,0,0,0.5,0.5,387
393,0.0,2,0,4,0,0,0.0,3.0,388
394,0.0,6,4,5,0,0,0.0,1.0,389
395,3.0,10,10,6,1,0,0.0,1.0,390
396,0.0,8,1,6,0,0,0.0,1.0,391
397,2.0,12,3,2,0,1,1.0,0.0,392
398,2.5,11,9,2,0,0,0.5,0.5,393
399,0.0,10,1,3,0,0,0.0,1.0,394
400,1.0,11,8,5,0,0,0.0,1.0,395
401,0.0,11,8,3,0,0,1.0,4.5,395
402,0.0,6,0,5,0,0,0.0,1.0,396
403,0.0,11,1,6,0,0,0.0,1.0,397
404,3.0,12,4,3,0,0,1.0,1.0,398
405,0.0,10,7,4,0,0,0.5,3.5,399
406,3.0,10,7,3,0,0,0.0,1.0,400
407,3.0,12,9,4,0,0,0.0,1.0,401
408,2.0,12,9,2,0,0,3.0,2.0,401
409,4.0,11,11,5,1,0,0.0,1.0,402
410,111.5,11,11,3,1,0,4.0,6.0,402
411,2.0,12,11,2,0,1,1.0,0.0,403
412,0.5,11,7,3,0,0,0.5,0.5,404
413,0.0,3,2,3,0,0,0.0,1.0,405
414,0.0,10,4,4,0,0,0.0,1.0,406
415,0.0,5,2,2,0,1,1.0,0.0,407
416,0.0,10,0,6,0,0,0.0,1.0,408
417,0.0,12,10,2,0,1,1.0,1.0,409
418,0.0,3,0,2,0,1,1.0,2.0,410
419,3.0,10,9,3,0,0,0.5,3.0,411
420,0.0,1,0,4,0,0,0.0,1.0,412
421,0.0,10,2,4,0,1,0.0,1.0,413
422,0.0,10,6,5,0,0,0.0,1.0,414
423,0.0,8,2,3,0,0,1.0,2.0,415
424,0.0,8,7,3,0,0,0.5,2.5,416
425,3.0,7,7,4,1,0,0.0,3.0,417
426,4.0,12,10,4,0,1,0.0,1.0,418
427,0.0,9,6,6,0,1,0.0,1.0,419
428,0.0,4,0,6,0,0,0.0,1.0,420
429,0.0,7,2,3,0,1,1.0,2.0,421
430,0.0,6,0,4,0,0,0.5,2.5,422
431,0.0,2,1,4,0,0,0.0,3.0,423
432,0.0,12,1,6,0,0,0.0,3.0,424
433,0.0,8,0,5,0,0,0.0,1.0,425
434,0.0,6,1,6,0,0,0.0,1.0,426
435,0.0,4,3,3,0,0,1.0,2.0,427
436,0.0,3,2,4,0,0,0.5,2.5,428
437,0.0,4,3,3,0,1,0.0,1.0,429
438,3.0,12,10,5,0,0,0.0,3.0,430
439,0.0,3,0,6,0,0,0.0,1.0,431
440,1.0,10,7,6,0,1,0.0,1.0,432
441,2.0,5,5,2,1,0,1.0,2.0,433
442,0.5,11,8,3,0,0,0.5,0.5,434
443,0.0,7,5,4,0,0,0.0,1.0,435
444,0.0,5,4,5,0,0,0.0,3.0,436
445,0.0,12,0,5,0,0,0.0,1.0,437
446,0.0,7,0,3,0,0,1.0,1.0,438
447,2.5,12,11,3,0,0,0.5,2.5,439
448,0.0,10,3,3,0,0,0.0,1.0,440
449,0.0,9,8,5,0,0,0.0,1.0,441
450,0.0,10,4,5,0,1,0.0,1.0,442
451,0.0,6,1,6,0,0,0.0,1.0,443
452,0.0,8,6,2,0,0,1.0,2.0,444
453,2.5,11,7,2,0,1,0.5,0.5,445
454,0.0,2,0,3,0,1,0.0,1.0,446
455,0.0,3,0,4,0,0,0.0,1.0,447
456,0.0,7,5,5,0,0,0.0,1.0,448
457,0.0,6,3,2,0,0,1.0,2.0,449
458,0.5,10,2,3,0,0,0.5,0.5,450
459,1.0,10,9,3,0,0,0.0,1.0,451
460,0.0,9,4,4,0,1,0.0,1.0,452
461,1.0,10,9,5,0,1,0.0,1.0,453
462,3.0,10,9,2,0,1,1.0,3.0,453
463,0.0,10,0,6,0,0,0.0,1.0,454
464,0.0,4,3,2,0,0,0.5,0.5,455
465,3.0,11,4,3,0,0,0.0,1.0,456
466,0.0,8,0,4,0,0,0.0,1.0,457
467,1.0,11,7,5,0,0,0.0,1.0,458
468,3.0,12,12,6,1,0,0.0,1.0,459
469,0.0,10,0,3,0,0,1.0,1.5,460
470,0.0,2,0,2,0,0,0.5,0.5,461
471,3.0,12,3,5,0,1,0.0,3.0,462
472,0.0,9,5,4,0,0,0.0,1.0,463
473,0.0,10,3,6,0,0,0.0,3.0,464
474,1.0,10,8,6,0,0,0.0,1.0,465
475,1.0,10,8,2,0,0,1.0,1.0,465
476,0.0,12,4,2,0,0,1.0,2.0,466
477,0.5,9,4,3,0,1,0.5,0.5,467
478,0.0,8,2,3,0,0,0.0,1.0,468
479,0.0,7,1,4,0,1,0.0,1.0,469
480,0.0,4,1,5,0,0,0.0,1.0,470
481,0.0,3,2,6,0,0,0.0,1.0,471
482,2.0,10,8,2,0,0,1.0,0.0,472
483,2.5,3,3,2,1,0,0.5,0.5,473
484,0.0,3,1,3,0,0,0.0,1.0,474
485,3.0,3,3,4,1,0,0.0,1.0,475
486,0.0,10,4,5,0,1,0.0,1.0,476
487,3.0,9,7,6,0,0,0.0,1.0,477
488,0.0,6,3,3,0,0,1.0,2.0,478
489,0.5,6,5,2,0,0,0.5,0.5,479
490,0.0,6,5,2,0,0,1.0,80.0,479
491,0.0,9,3,5,0,0,0.0,5.0,480
492,3.0,11,10,5,0,0,0.0,3.0,481
493,0.0,4,3,6,0,1,0.0,3.0,482
494,0.0,3,0,6,0,1,0.0,1.0,483
495,0.0,6,3,3,0,0,1.0,1.5,484
496,0.0,5,1,2,0,1,0.5,0.5,485
497,0.0,2,0,3,0,0,0.0,1.0,486
498,0.0,10,4,4,0,0,0.0,1.0,487
499,1.0,12,12,5,1,0,0.0,1.0,488
500,0.0,10,5,2,0,0,1.0,2.0,489
501,2.5,5,4,2,0,1,0.5,0.5,490
502,3.0,12,5,3,0,1,0.0,1.0,491
503,1.0,12,7,4,0,1,0.0,1.0,492
504,0.0,12,7,3,0,1,1.0,3.0,492
505,0.0,6,1,6,0,0,0.0,1.0,493
506,0.0,2,2,4,1,0,1.0,2.0,494
507,0.0,10,9,5,0,0,0.5,5.0,495
508,3.0,6,6,3,1,0,0.0,1.0,496
509,15.0,6,6,2,1,0,3.0,15.0,496
510,0.0,10,0,4,0,0,0.0,1.0,497
511,0.0,9,2,5,0,0,0.0,1.0,498
512,0.0,6,4,6,0,0,0.0,1.0,499
513,3.0,11,8,3,0,1,1.0,1.0,500
514,0.0,2,1,6,0,1,0.5,1.5,501
515,6.0,12,5,4,0,0,0.0,3.0,502
516,0.0,12,1,5,0,0,0.0,3.0,503
517,0.0,8,5,5,0,0,0.0,1.0,504
518,0.0,6,4,4,0,0,0.5,1.5,506
519,3.0,12,0,3,0,0,0.0,1.0,507
520,0.0,8,2,4,0,0,0.0,1.0,508
521,0.0,7,2,5,0,0,0.0,1.0,509
522,0.0,10,2,2,0,0,1.0,2.0,510
523,1.5,12,4,3,0,0,0.5,1.5,511
524,0.0,7,3,4,0,0,0.0,3.0,512
525,1.0,7,4,4,0,0,0.0,1.0,513
526,0.0,7,4,3,0,0,1.0,3.0,513
527,3.0,11,8,5,0,0,0.0,1.0,514
528,0.0,9,4,6,0,1,0.0,1.0,515
529,0.0,7,3,2,0,0,1.0,1.5,516
530,0.0,6,4,4,0,0,0.5,5.5,517
531,1.0,8,4,3,0,0,0.0,1.0,518
532,1.0,8,4,2,0,0,1.0,1.0,518
533,0.0,4,2,4,0,0,0.0,1.0,519
534,0.0,8,5,5,0,0,0.0,1.0,520
535,0.0,10,3,3,0,0,0.5,2.5,522
536,3.0,11,9,4,0,0,0.0,3.0,523
537,0.0,10,3,4,0,0,0.0,1.0,524
538,3.0,12,7,5,0,0,0.0,1.0,525
539,0.0,8,2,2,0,1,1.0,0.0,526
540,1.0,9,7,3,0,0,0.0,1.0,527
541,0.0,7,5,4,0,0,0.0,1.0,528
542,0.0,3,2,5,0,0,0.0,1.0,529
543,0.0,3,0,2,0,1,1.0,1.5,530
544,0.0,2,2,3,1,0,0.5,2.5,531
545,0.0,6,2,4,0,0,0.0,3.0,532
546,0.0,8,5,5,0,0,0.0,3.0,533
547,2.0,12,8,3,0,0,1.0,0.0,534
548,0.0,5,2,3,0,0,0.5,0.5,535
549,0.0,8,0,4,0,0,0.0,1.0,536
550,0.0,8,2,4,0,0,0.0,1.0,537
551,1.0,9,8,6,0,1,0.0,1.0,538
552,0.0,9,8,3,0,1,1.0,4.0,538
553,0.0,12,1,6,0,0,0.0,1.0,539
554,1.5,8,6,3,0,0,0.5,1.5,541
555,0.0,8,7,2,0,0,1.0,0.0,542
556,0.0,11,7,3,0,0,0.5,2.5,543
557,3.0,12,10,4,0,0,0.0,3.0,544
558,3.0,5,5,4,1,0,0.0,1.0,545
559,0.0,8,1,5,0,0,0.0,1.0,546
560,1.0,10,7,6,0,1,0.0,1.0,547
561,0.0,6,4,2,0,0,1.0,0.0,548
562,0.0,12,7,3,0,0,0.5,2.5,549
563,3.0,12,11,3,0,0,0.0,1.0,550
564,0.0,11,6,5,0,0,0.0,3.0,551
565,0.0,12,5,5,0,0,0.0,1.0,552
566,1.0,10,9,6,0,0,0.0,1.0,553
567,0.0,10,9,2,0,0,1.0,5.0,553
568,0.0,5,4,2,0,0,1.0,2.0,554
569,0.5,8,6,3,0,1,0.5,0.5,555
570,1.0,11,6,4,0,0,0.0,1.0,556
571,0.0,10,2,5,0,0,0.0,3.0,557
572,0.0,5,4,3,0,1,1.0,2.0,558
573,0.0,1,0,3,0,0,0.5,2.5,559
574,4.0,9,8,5,0,0,0.0,4.0,560
575,3.0,12,5,4,0,0,0.0,1.0,561
576,0.0,10,0,5,0,0,0.0,1.0,562
577,0.0,5,2,6,0,0,0.0,1.0,563
578,2.5,2,2,2,1,0,1.0,2.5,564
579,0.0,11,4,3,0,0,0.5,2.5,565
580,0.0,6,3,4,0,0,0.0,3.0,566
581,0.0,7,5,4,0,0,0.0,1.0,567
582,0.0,5,2,5,0,0,0.0,1.0,568
583,3.0,4,4,6,1,0,0.0,1.0,569
584,0.0,11,6,3,0,0,1.0,9.0,570
585,2.5,10,7,3,0,0,0.5,2.5,571
586,0.0,10,4,3,0,0,0.0,1.0,572
587,1.0,11,8,4,0,1,0.0,1.0,573
588,0.0,5,1,5,0,0,0.0,1.0,574
589,0.0,10,2,3,0,0,1.0,2.0,575
590,0.0,6,4,3,0,0,0.5,2.5,576
591,1.0,11,4,3,0,1,0.0,1.0,577
592,0.0,10,0,5,0,1,0.0,3.0,578
593,1.0,8,7,5,0,0,0.0,1.0,579
594,2.0,11,0,2,0,0,1.0,2.0,580
595,2.5,10,10,2,1,0,0.5,0.5,581
596,1.0,10,9,3,0,0,0.0,1.0,582
597,0.0,9,4,5,0,0,0.0,3.0,583
598,0.0,11,0,5,0,0,0.0,1.0,584
599,0.0,5,1,2,0,0,1.0,1.0,585
600,2.5,8,7,2,0,1,0.5,0.5,586
601,3.0,9,8,4,0,0,0.0,3.0,587
602,3.0,9,3,4,0,1,0.0,1.0,588
603,0.0,5,4,6,0,1,0.0,3.0,589
604,0.0,5,2,6,0,0,0.0,1.0,590
605,0.0,12,2,2,0,0,1.0,2.0,591
606,1.5,10,7,3,0,0,0.5,1.5,592
607,0.0,2,1,4,0,0,0.0,3.0,593
608,3.0,1,1,4,1,0,0.0,1.0,594
609,0.0,1,1,3,1,0,3.0,12.5,594
610,0.0,10,5,5,0,0,0.0,1.0,595
611,1.0,11,9,6,0,0,0.0,1.0,596
612,3.0,11,9,2,0,0,1.0,3.0,596
613,1.0,12,2,2,0,0,1.0,1.0,597
614,0.5,11,9,2,0,1,0.5,0.5,598
615,3.0,12,4,3,0,0,0.0,1.0,599
616,0.0,6,4,4,0,1,0.0,1.0,600
617,0.0,10,5,5,0,0,0.0,1.0,601
618,0.0,5,1,2,0,0,1.0,2.0,602
619,0.0,8,7,3,0,0,0.5,1.5,603
620,0.0,5,1,4,0,0,0.0,1.0,604
621,0.0,5,1,3,0,0,0.0,6.5,604
622,1.0,9,5,5,0,1,0.0,1.0,605
623,0.0,7,0,6,0,0,0.0,1.0,606
624,0.0,10,1,2,0,0,1.0,2.0,607
625,0.0,12,1,3,0,0,0.5,2.5,608
626,3.0,12,5,3,0,0,0.0,1.0,609
627,0.0,12,5,2,0,0,3.0,7.0,609
628,3.0,12,2,5,0,1,0.0,1.0,610
629,0.0,11,8,6,0,0,0.0,1.0,611
630,1.0,11,8,4,0,0,0.0,2.0,611
631,4.999999999999999,12,3,2,0,0,1.0,2.0,612
632,0.0,12,3,2,0,0,6.0,22.0,612
633,0.0,5,2,4,0,0,0.5,8.5,613
634,0.0,6,1,3,0,0,0.0,1.0,614
635,0.0,10,1,5,0,0,0.0,3.0,615
636,0.0,9,5,5,0,0,0.0,1.0,616
637,0.0,7,3,5,0,0,0.0,1.0,617
638,0.0,12,1,4,0,1,0.5,1.5,619
639,1.0,10,5,3,0,0,0.0,1.0,620
640,0.0,4,3,5,0,0,0.0,2.0,621
641,0.0,9,3,5,0,1,0.0,1.0,622
642,2.0,11,4,2,0,0,1.0,2.0,623
643,0.0,4,3,3,0,0,0.5,2.5,624
644,0.0,8,5,3,0,0,0.0,1.0,625
645,1.0,9,7,4,0,0,0.0,1.0,626
646,1.5,11,1,2,0,1,1.0,1.5,627
647,0.0,1,0,3,0,0,0.5,2.0,628
648,1.0,6,5,3,0,1,0.0,1.0,629
649,1.0,9,8,5,0,0,0.0,1.0,630
650,0.0,9,8,2,0,0,1.0,5.0,630
651,0.0,11,2,3,0,1,0.5,2.5,632
652,4.0,4,4,3,1,0,0.0,1.0,633
653,0.0,8,7,4,0,1,0.0,1.0,634
654,0.0,1,0,5,0,0,0.0,1.0,635
655,0.0,7,3,2,0,0,1.0,0.0,636
656,0.5,10,5,3,0,0,0.5,0.5,637
657,1.0,11,3,4,0,0,0.0,1.0,638
658,0.0,7,3,5,0,0,0.0,1.0,639
659,1.0,9,7,5,0,0,0.0,1.0,640
660,0.0,1,0,6,0,0,0.0,1.0,641
661,0.0,5,2,3,0,1,1.0,2.0,642
662,0.0,4,3,3,0,0,0.5,2.5,643
663,0.0,12,2,5,0,0,0.0,4.5,644
664,0.0,7,6,5,0,0,0.0,1.0,645
665,3.0,12,7,6,0,0,0.0,1.0,646
666,0.0,8,2,3,0,0,1.0,10.0,647
667,0.0,12,0,4,0,1,0.5,8.5,648
668,0.0,10,4,4,0,0,0.0,3.0,649
669,0.0,6,6,5,1,0,0.0,5.0,650
670,0.0,4,0,6,0,0,0.0,5.0,651
671,0.0,5,1,2,0,0,1.0,2.0,652
672,0.0,0,0,3,1,0,0.5,2.5,653
673,0.0,9,1,4,0,1,0.0,3.0,654
674,3.0,12,6,4,0,0,0.0,1.0,655
675,3.0,12,10,5,0,0,0.0,1.0,656
676,0.0,8,6,3,0,0,1.0,9.5,657
677,0.0,9,1,3,0,0,0.5,2.0,658
678,1.0,10,6,3,0,1,0.0,1.0,659
679,3.0,10,6,2,0,1,1.0,3.0,659
680,0.0,2,2,4,1,0,0.0,1.0,660
681,2.5,12,11,3,0,0,0.5,0.5,662
682,0.0,5,0,3,0,0,0.0,1.0,663
683,0.0,8,2,4,0,0,0.0,1.0,664
684,0.0,11,2,2,0,0,1.0,0.0,665
685,2.5,12,4,3,0,1,0.5,0.5,666
686,0.0,11,2,5,0,0,0.0,1.0,667
687,1.0,11,2,3,0,0,0.0,2.0,667
688,0.0,5,3,2,0,1,1.0,0.0,668
689,0.0,10,1,4,0,0,0.5,2.5,669
690,0.0,6,2,6,0,1,0.0,1.0,670
691,2.0,12,2,4,0,0,1.0,0.0,671
692,1.5,9,7,4,0,0,0.5,1.5,672
693,0.0,8,3,4,0,1,0.0,2.0,673
694,0.0,11,2,4,0,0,0.0,1.0,674
695,0.0,9,2,5,0,0,0.0,1.0,675
696,0.0,3,0,4,0,0,1.0,0.0,676
697,7.5,10,9,4,0,1,0.5,7.5,677
698,19.0,10,9,2,0,1,8.0,19.0,677
699,0.0,10,0,4,0,0,0.0,2.0,678
700,0.0,11,1,5,0,0,0.0,1.0,679
701,1.0,11,1,3,0,0,0.0,2.0,679
702,3.0,12,8,6,0,0,0.0,1.0,680
703,3.5,10,9,2,0,0,0.5,0.5,681
704,1.0,10,9,3,0,0,0.0,1.0,682
705,0.0,12,2,5,0,0,0.0,1.0,683
706,0.0,1,0,5,0,0,0.0,1.0,684
707,0.0,8,0,6,0,0,0.0,1.0,685
708,0.0,4,3,2,0,0,1.0,1.0,686
709,0.0,4,2,3,0,0,0.5,1.5,687
710,0.0,9,1,3,0,0,0.0,1.0,688
711,0.0,10,3,5,0,1,0.0,1.0,689
712,0.0,11,4,5,0,1,0.0,1.0,690
713,0.0,5,1,6,0,1,0.0,1.0,691
714,2.0,12,5,2,0,0,1.0,0.0,692
715,2.5,12,4,3,0,0,0.5,0.5,693
716,0.0,12,2,4,0,0,0.0,2.5,694
717,0.0,6,1,4,0,1,0.0,1.0,695
718,3.0,12,3,5,0,0,0.0,1.0,696
719,0.0,6,2,6,0,0,0.0,1.0,697
720,0.0,7,0,3,0,0,1.0,1.0,698
721,0.0,8,0,3,0,1,0.5,0.5,699
722,0.0,7,0,3,0,1,0.0,1.0,700
723,0.0,1,0,4,0,0,0.0,1.0,701
724,0.0,4,0,5,0,0,0.0,1.0,702
725,0.0,9,1,6,0,1,0.0,1.0,703
726,0.0,4,0,2,0,0,1.0,0.0,704
727,0.0,3,0,3,0,0,0.5,1.5,705
728,3.0,11,5,3,0,0,0.0,1.0,706
729,0.0,7,5,4,0,0,0.0,1.0,707
730,0.0,6,4,5,0,0,0.0,1.0,708
731,1.0,11,7,6,0,0,0.0,1.0,709
732,1.0,12,2,2,0,0,1.0,1.0,710
733,0.0,8,0,3,0,1,0.5,2.0,711
734,2.5,11,10,4,0,0,0.0,2.5,712
735,0.0,9,5,4,0,1,0.0,1.0,713
736,0.0,8,3,6,0,0,0.0,3.0,714
737,0.0,7,6,6,0,0,0.0,1.0,715
738,0.0,8,3,2,0,0,1.0,2.0,716
739,0.0,7,4,3,0,0,0.5,1.5,717
740,0.0,6,1,3,0,1,0.0,1.0,718
741,3.0,12,10,4,0,0,0.0,1.0,719
742,3.0,12,7,6,0,0,0.0,3.0,720
743,0.0,5,3,6,0,0,0.0,1.0,721
744,2.0,12,1,2,0,1,1.0,2.0,722
745,0.0,5,2,4,0,0,0.5,1.5,723
746,1.0,11,5,3,0,0,0.0,1.0,724
747,0.0,10,6,4,0,0,0.0,1.0,725
748,0.0,11,6,5,0,0,0.0,1.0,726
749,0.0,3,1,2,0,0,1.0,1.0,727
750,0.0,8,3,3,0,0,0.5,2.0,728
751,0.0,9,2,5,0,0,0.0,4.5,729
752,0.0,2,0,4,0,0,0.0,1.0,730
753,0.0,1,0,5,0,0,0.0,1.0,731
754,0.0,6,2,6,0,0,0.0,1.0,732
755,2.5,9,9,2,1,0,0.5,0.5,734
756,0.0,12,4,5,0,0,0.0,6.0,735
757,0.0,6,5,4,0,0,0.0,1.0,736
758,0.0,6,1,5,0,1,0.0,1.0,737
759,0.0,2,1,6,0,1,0.0,1.0,738
760,2.0,9,8,2,0,0,1.0,2.0,739
761,1.5,6,6,3,1,0,0.5,1.5,740
762,2.0,11,10,3,0,1,0.0,1.0,741
763,1.0,11,9,4,0,0,0.0,1.0,742
764,0.0,11,1,5,0,1,0.0,1.0,743
765,0.0,8,6,6,0,1,0.0,1.0,744
766,1.0,10,8,2,0,0,1.0,1.0,745
767,0.0,6,3,3,0,1,0.5,1.5,746
768,2.5,7,6,4,0,0,0.0,2.5,747
769,0.0,9,2,5,0,0,0.0,1.0,748
770,0.0,3,1,5,0,1,0.0,1.0,749
771,3.0,12,2,6,0,1,0.0,1.0,750
772,0.0,10,2,3,0,0,1.0,5.0,751
773,3.5000000000000004,4,4,3,1,0,0.5,2.0,752
774,0.0,4,4,2,1,0,4.0,99.0,752
775,3.0,12,7,4,0,1,0.0,1.0,753
776,3.0,12,9,6,0,0,0.0,1.0,754
777,6.0,12,9,2,0,0,3.0,6.0,754
778,0.0,10,1,5,0,0,0.5,2.5,756
779,0.0,5,0,3,0,1,0.0,1.0,757
780,0.0,9,3,4,0,0,0.0,1.0,758
781,0.0,10,4,5,0,0,0.0,1.0,759
782,0.0,11,1,6,0,1,0.0,1.0,760
783,0.0,6,4,3,0,0,1.0,3.0,761
784,0.0,8,2,3,0,1,0.5,2.5,762
785,0.0,5,1,4,0,1,0.0,3.0,763
786,0.0,9,0,5,0,1,0.0,3.0,764
787,0.0,3,0,5,0,0,0.0,1.0,765
788,0.0,6,2,6,0,0,0.0,1.0,766
789,0.0,6,1,3,0,0,1.0,0.0,767
790,0.0,1,0,4,0,0,0.5,3.5,768
791,7.000000000000001,11,11,4,1,0,0.0,3.0,769
792,1.0,10,5,4,0,1,0.0,1.0,770
793,0.0,4,0,5,0,1,0.0,1.0,771
794,0.0,10,7,5,0,1,0.0,1.0,772
795,0.5,9,0,2,0,0,0.5,0.5,774
796,3.0,10,7,4,0,0,0.0,3.0,775
797,0.0,5,2,4,0,0,0.0,1.0,776
798,3.0,9,9,5,1,0,0.0,1.0,777
799,6.5,9,9,2,1,0,3.0,6.5,777
800,3.0,10,6,2,0,0,1.0,1.0,778
801,3.0,8,8,4,1,0,0.5,3.0,779
802,3.0,3,3,3,1,0,0.0,1.0,780
803,0.0,10,3,4,0,0,0.0,1.0,781
804,0.0,10,3,2,0,0,0.0,4.5,781
805,3.0,12,6,5,0,1,0.0,1.0,782
806,0.0,8,2,3,0,1,1.0,0.0,783
807,0.5,12,7,5,0,0,0.5,0.5,784
808,0.0,10,2,5,0,0,0.0,2.0,785
809,0.0,5,1,4,0,1,0.0,1.0,786
810,0.0,11,3,6,0,0,0.0,1.0,787
811,0.0,2,1,6,0,1,0.0,1.0,788
812,1.0,11,5,3,0,0,1.0,1.0,789
813,0.5,9,5,3,0,1,0.5,0.5,790
814,4.0,12,0,4,0,0,0.0,2.0,791
815,0.0,4,2,5,0,0,0.0,2.0,792
816,0.0,11,0,5,0,0,0.0,1.0,793
817,0.0,7,3,6,0,0,0.0,1.0,794
818,0.0,4,1,2,0,0,1.0,0.0,795
819,0.0,4,1,4,0,0,0.5,0.5,796
820,0.0,4,3,3,0,1,0.0,1.0,797
821,0.0,2,1,4,0,0,0.0,1.0,798
822,0.0,1,0,5,0,0,0.0,1.0,799
823,0.0,3,1,2,0,0,1.0,1.0,800
824,0.0,2,1,4,0,1,0.5,10.0,801
825,0.0,3,2,3,0,0,0.0,1.0,802
826,0.0,10,5,4,0,1,0.0,1.0,803
827,0.0,5,1,6,0,0,0.0,2.0,804
828,0.0,8,3,6,0,0,0.0,1.0,805
829,0.0,6,4,3,0,0,1.0,2.0,806
830,0.0,11,0,4,0,0,0.5,1.5,807
831,1.0,9,7,4,0,0,0.0,1.0,808
832,0.0,11,10,5,0,0,0.0,3.0,809
833,0.0,2,0,5,0,1,0.0,1.0,810
834,0.0,9,3,4,0,0,1.0,0.0,811
835,0.5,5,4,3,0,1,0.5,0.5,812
836,3.0,12,4,5,0,0,0.0,1.0,813
837,0.0,8,0,5,0,0,0.0,2.0,814
838,0.0,11,10,6,0,0,0.0,3.0,815
839,0.0,7,2,6,0,0,0.0,1.0,816
840,0.0,9,7,5,0,0,1.0,4.0,817
841,0.0,8,3,3,0,0,0.5,1.5,818
842,0.0,6,0,4,0,1,0.0,1.0,819
843,3.0,10,8,4,0,0,0.0,1.0,820
844,3.0,12,8,5,0,0,0.0,1.0,821
845,0.0,8,3,6,0,0,0.0,1.0,822
846,2.0,12,6,3,0,0,0.5,2.0,824
847,0.0,8,6,3,0,0,0.0,1.0,825
848,0.0,7,6,5,0,0,0.0,3.0,826
849,3.0,12,7,5,0,1,0.0,1.0,827
850,4.0,12,7,2,0,1,3.0,4.0,827
851,1.0,10,8,6,0,1,0.0,1.0,828
852,0.0,10,8,3,0,1,1.0,7.0,828
853,0.0,11,7,3,0,0,1.0,2.0,829
854,0.0,11,3,3,0,0,0.5,2.0,830
855,3.0,8,7,4,0,1,0.0,3.0,831
856,0.0,4,3,4,0,0,0.0,1.0,832
857,0.0,9,2,5,0,0,0.0,1.0,833
858,3.0,12,4,2,0,1,1.0,3.0,834
859,0.0,6,4,3,0,0,0.5,0.5,835
860,0.0,7,0,3,0,0,0.0,1.0,836
861,0.0,8,3,5,0,0,0.0,1.0,837
862,3.0,12,3,5,0,1,0.0,1.0,838
863,0.0,11,6,6,0,1,0.0,1.0,839
864,0.0,12,1,3,0,1,0.5,2.0,841
865,0.0,4,4,4,1,0,0.0,3.0,842
866,0.0,8,6,5,0,0,0.0,2.0,843
867,0.0,7,4,5,0,0,0.0,1.0,844
868,0.0,8,5,6,0,1,0.0,1.0,845
869,0.0,9,9,3,1,0,1.0,9.0,846
870,2.5,1,1,2,1,0,0.5,0.5,847
871,0.0,11,10,2,0,0,1.0,0.0,848
872,0.0,3,0,3,0,0,0.5,0.5,849
873,0.0,6,2,4,0,0,0.0,1.0,850
874,3.0,6,6,4,1,0,0.0,1.0,851
875,0.0,7,4,5,0,0,0.0,1.0,852
876,0.0,8,5,4,0,1,0.0,1.0,853
877,0.0,3,0,5,0,0,0.0,1.0,854
878,0.0,8,0,6,0,0,0.0,1.0,855
879,0.0,4,1,2,0,0,1.0,2.0,856
880,0.0,6,2,3,0,0,0.5,1.5,857
881,3.0,12,7,4,0,0,0.0,3.0,858
882,1.0,12,9,4,0,0,0.0,1.0,859
883,0.0,11,0,2,0,0,1.0,2.0,860
884,0.0,10,4,2,0,0,0.5,0.5,861
885,0.0,6,3,4,0,1,0.0,2.5,862
886,1.0,10,8,4,0,0,0.0,1.0,863
887,0.0,10,8,2,0,0,1.0,4.0,863
888,3.0,12,11,5,0,0,0.0,1.0,864
889,0.0,12,6,2,0,0,1.0,4.0,865
890,0.0,11,8,4,0,1,0.5,8.5,866
891,3.0,11,3,3,0,1,0.0,1.0,867
892,0.0,4,0,5,0,0,0.0,5.0,868
893,1.0,10,8,5,0,0,0.0,1.0,869
894,4.0,10,8,2,0,0,1.0,4.0,869
895,0.0,5,2,6,0,1,0.0,1.0,870
896,0.0,5,0,2,0,1,1.0,4.0,871
897,2.5,10,9,3,0,1,0.5,2.5,872
898,3.0,12,5,5,0,0,0.0,4.0,873
899,1.0,9,0,5,0,1,0.0,1.0,874
900,3.0,12,11,5,0,0,0.0,1.0,875
901,0.0,8,4,3,0,0,0.5,2.5,877
902,3.0,7,7,4,1,0,0.0,3.0,878
903,0.0,7,7,2,1,0,3.0,10.0,878
904,0.0,3,2,5,0,0,0.0,3.0,879
905,0.0,9,6,5,0,0,0.0,1.0,880
906,4.999999999999999,9,9,2,1,0,1.0,2.0,881
907,5.499999999999999,5,5,3,1,0,0.5,2.5,882
908,0.0,12,1,4,0,1,0.0,3.0,883
909,3.0,12,5,4,0,0,0.0,1.0,884
910,1.0,9,6,5,0,1,0.0,1.0,885
911,0.0,9,6,3,0,1,1.0,10.0,885
912,0.0,6,3,3,0,0,1.0,8.0,886
913,0.0,12,1,3,0,0,0.5,2.5,887
914,0.0,7,5,4,0,0,0.0,3.0,888
915,3.0,3,3,4,1,0,0.0,1.0,889
916,1.0,9,6,5,0,1,0.0,1.0,890
917,0.0,9,4,6,0,0,0.0,1.0,891
918,0.0,4,0,2,0,1,1.0,1.5,892
919,0.0,10,3,4,0,0,0.5,2.5,893
920,0.0,8,6,5,0,0,0.0,9.0,894
921,3.0,12,5,4,0,0,0.0,1.0,895
922,0.0,3,2,5,0,1,0.0,1.0,896
923,2.0,11,9,3,0,0,0.5,2.0,898
924,0.0,8,1,3,0,0,0.0,1.0,899
925,3.0,12,9,4,0,0,0.0,1.0,900
926,1.0,12,3,5,0,1,0.0,1.0,901
927,0.0,12,3,3,0,1,1.0,9.0,901
928,0.0,9,4,6,0,0,0.0,1.0,902
929,3.999999999999999,3,3,2,1,0,1.0,2.0,903
930,2.5,12,0,2,0,0,0.5,0.5,904
931,3.0,12,10,3,0,0,0.0,1.0,905
932,0.0,11,4,4,0,1,0.0,1.0,906
933,0.0,5,4,5,0,0,0.0,1.0,907
934,0.0,4,2,3,0,0,1.0,10.0,908
935,0.0,11,5,3,0,0,0.5,2.0,909
936,0.0,3,1,3,0,0,1.0,8.0,910
937,0.0,12,4,3,0,0,0.5,2.0,911
938,0.0,6,1,4,0,0,0.0,2.5,912
939,0.0,8,2,4,0,0,0.0,1.0,913
940,0.0,5,2,5,0,0,0.0,1.0,914
941,4.999999999999999,8,5,2,0,0,1.0,2.0,915
942,0.0,3,2,2,0,0,0.5,0.5,916
943,0.0,2,1,3,0,0,0.0,1.0,917
944,3.0,12,1,4,0,0,0.0,1.0,918
945,0.0,11,2,5,0,1,0.0,1.0,919
946,1.0,10,8,6,0,1,0.0,1.0,920
947,0.0,10,8,2,0,1,1.0,3.0,920
948,0.0,4,0,2,0,0,1.0,2.0,921
949,4.5,12,8,3,0,0,0.5,2.0,922
950,0.0,6,1,4,0,0,0.0,3.0,923
951,1.0,9,7,4,0,1,0.0,1.0,924
952,1.0,11,8,5,0,0,0.0,1.0,925
953,0.0,3,3,6,1,0,0.0,1.0,926
954,0.0,10,2,2,0,0,1.0,2.0,927
955,0.0,1,0,3,0,0,0.5,2.5,928
956,0.0,10,7,5,0,1,0.0,1.0,929
957,0.0,1,0,6,0,0,0.0,1.0,930
958,2.0,10,9,4,0,1,1.0,2.0,931
959,0.0,9,0,3,0,0,0.5,2.0,932
960,0.0,6,6,4,1,0,0.0,3.0,933
961,0.0,10,2,5,0,0,0.0,3.0,934
962,1.0,9,6,5,0,0,0.0,1.0,935
963,0.0,9,6,2,0,0,1.0,2.0,935
964,3.0,12,4,6,0,0,0.0,1.0,936
965,2.5,8,8,2,1,0,0.5,0.5,938
966,3.0,9,9,3,1,0,0.0,1.0,939
967,0.0,9,5,4,0,1,0.0,1.0,940
968,0.0,4,3,5,0,0,0.0,1.0,941
969,0.0,10,3,3,0,0,1.0,8.0,942
970,2.5,12,7,2,0,0,0.5,0.5,943
971,0.0,12,7,2,0,0,3.0,6.0,943
972,0.0,9,4,4,0,0,0.0,3.0,944
973,0.0,11,4,4,0,0,0.0,1.0,945
974,0.0,10,6,5,0,0,0.0,1.0,946
975,0.0,11,2,3,0,0,1.0,10.0,947
976,4.5,12,6,3,0,0,0.5,2.0,948
977,0.0,7,1,4,0,0,0.0,2.5,949
978,1.0,9,6,4,0,0,0.0,1.0,950
979,0.0,11,4,5,0,0,0.0,1.0,951
980,0.0,10,9,3,0,1,1.0,8.0,952
981,4.5,12,9,3,0,0,0.5,2.0,953
982,2.0,7,6,4,0,0,0.0,1.0,954
983,0.0,7,6,5,0,0,0.0,1.0,955
984,0.0,12,5,6,0,0,0.0,1.0,956
985,2.5,11,8,2,0,1,0.5,0.5,958
986,1.0,10,8,3,0,0,0.0,1.0,959
987,4.0,10,8,2,0,0,1.0,4.0,959
988,0.0,8,4,4,0,0,0.0,1.0,960
989,0.0,10,1,6,0,0,0.0,3.0,961
990,0.0,1,1,6,1,0,0.0,1.0,962
991,0.0,10,8,2,0,0,1.0,2.0,963
992,0.0,6,4,3,0,0,0.5,3.0,964
993,0.0,8,4,4,0,0,0.0,1.0,965
994,0.0,12,3,5,0,0,0.0,3.0,966
995,1.0,10,9,5,0,0,0.0,1.0,967
996,0.0,10,9,2,0,0,1.0,4.0,967
997,0.0,8,4,6,0,0,0.0,1.0,968
998,1.5,11,8,2,0,1,1.0,1.5,969
999,5.499999999999999,12,9,3,0,1,0.5,2.5,970
1000,1.0,10,2,3,0,1,0.0,1.0,971
1001,3.0,12,9,4,0,0,0.0,1.0,972
1002,0.0,12,4,5,0,0,0.0,1.0,973
1003,0.0,9,6,6,0,0,0.0,1.0,974
1004,0.0,10,4,2,0,1,1.0,1.5,975
1005,2.5,8,0,2,0,1,0.5,0.5,976
1006,0.0,5,4,3,0,0,0.0,1.0,977
1007,3.0,3,3,4,1,0,0.0,1.0,978
1008,0.0,5,3,5,0,0,0.0,1.0,979
1009,0.0,1,0,6,0,1,0.0,1.0,980
1010,0.0,11,2,2,0,0,1.0,1.5,981
1011,0.0,1,0,2,0,0,0.5,0.5,982
1012,3.0,12,8,3,0,0,0.0,1.0,983
1013,3.0,12,5,4,0,0,0.0,1.0,984
1014,0.0,12,5,2,0,0,3.0,7.5,984
1015,1.0,10,8,5,0,0,0.0,1.0,985
1016,1.0,10,8,6,0,0,0.0,1.0,986
1017,2.0,10,8,2,0,0,1.0,2.0,986
1018,0.0,6,3,2,0,0,1.0,2.0,987
1019,0.0,9,5,3,0,1,0.5,2.5,988
1020,3.0,12,5,3,0,0,0.0,1.0,989
1021,1.0,9,8,4,0,0,0.0,1.0,990
1022,0.0,9,8,2,0,0,1.0,4.0,990
1023,0.0,3,0,5,0,0,0.0,1.0,991
1024,0.0,10,1,6,0,1,0.0,1.0,992
1025,4.999999999999999,12,1,2,0,0,1.0,2.0,993
1026,0.0,12,5,2,0,1,0.5,0.5,994
1027,0.0,4,2,5,0,1,0.0,5.0,995
1028,0.0,7,4,4,0,0,0.0,1.0,996
1029,0.0,7,5,5,0,0,0.0,1.0,997
1030,0.0,2,1,2,0,0,1.0,1.0,998
1031,0.0,2,2,3,1,0,0.5,2.5,999
1032,1.0,9,1,4,0,1,0.0,1.0,1000
1033,0.0,9,1,3,0,1,1.0,4.0,1000
1034,0.0,8,1,4,0,0,0.0,1.0,1001
1035,1.0,11,3,5,0,1,0.0,1.0,1002
1036,0.0,11,3,3,0,1,1.0,2.0,1002
1037,0.0,8,5,6,0,1,0.0,1.0,1003
1038,0.0,6,4,2,0,0,1.0,0.0,1004
1039,0.0,6,2,4,0,1,0.5,7.0,1005
1040,1.0,7,6,3,0,0,0.0,1.0,1006
1041,0.0,8,0,5,0,0,0.0,3.0,1007
1042,1.0,11,6,5,0,0,0.0,1.0,1008
1043,0.0,5,4,6,0,0,0.0,1.0,1009
1044,0.0,11,5,2,0,0,1.0,1.0,1010
1045,0.0,1,1,4,1,0,0.5,2.5,1011
1046,0.0,8,1,4,0,0,0.0,1.0,1012
1047,0.0,7,4,4,0,0,0.0,1.0,1013
1048,0.0,8,5,5,0,0,0.0,1.0,1014
1049,0.0,6,2,2,0,0,1.0,1.5,1015
1050,0.0,1,0,3,0,0,0.5,2.5,1016
1051,3.0,12,0,3,0,0,0.0,1.0,1017
1052,3.0,11,11,4,1,0,0.0,1.0,1018
1053,14.000000000000002,11,11,2,1,0,3.0,6.0,1018
